stara_url,nova_url,typ,poznamka
/,/katalog-produktov,homepage,katalog
/autonomne-systemy-varovania-a-vyrozumenia-osob.html,/bezpecnostne-systemy-radiove-siete/autonomne-systemy-varovania,sluzba,rucne
/autonomne-systemy-varovania-a-vyrozumenia-osob/legislativa.html,/bezpecnostne-systemy-radiove-siete/autonomne-systemy-varovania,sluzba,rucne
/autonomne-systemy-varovania-a-vyrozumenia-osob/meranie-navrh-a-projektovanie.html,/bezpecnostne-systemy-radiove-siete/navrh-autonomnych-systemov,sluzba,rucne
/autonomne-systemy-varovania-a-vyrozumenia-osob/realizacia.html,/bezpecnostne-systemy-radiove-siete/autonomne-systemy-varovania,sluzba,rucne
/autonomne-systemy-varovania-a-vyrozumenia-osob/servis.html,/bezpecnostne-systemy-radiove-siete/autonomne-systemy-varovania,sluzba,rucne
/elektroinstalacne-prace-1.html,/bezpecnostne-systemy-radiove-siete/elektroinstalacne-prace,sluzba,rucne
/elektroinstalacne-prace-1/datove-rozvadzace.html,/bezpecnostne-systemy-radiove-siete/elektroinstalacne-prace,sluzba,rucne
/elektroinstalacne-prace-1/rozvody-nn.html,/bezpecnostne-systemy-radiove-siete/elektroinstalacne-prace,sluzba,rucne
/elektroinstalacne-prace-1/strukturovana-kabelaz.html,/bezpecnostne-systemy-radiove-siete/elektroinstalacne-prace,sluzba,rucne
/elektroinstalacne-prace-1/tv-a-sat-rozvody.html,/bezpecnostne-systemy-radiove-siete/elektroinstalacne-prace,sluzba,rucne
/elektronicke-sireny.html,/katalog-produktov/kategoria/elektronicke-sireny,kategoria,odvodene z produktov
/elektronicke-sireny/item/657-evs2.html,/katalog-produktov/evs2,produkt,"K2 ID, automaticky"
/elektronicke-sireny/item/659-evs-600.html,/katalog-produktov/evs-600,produkt,"K2 ID, automaticky"
/elektronicke-sireny/item/660-evs-900.html,/katalog-produktov/evs-900,produkt,"K2 ID, automaticky"
/elektronicke-sireny/item/661-evs-1200.html,/katalog-produktov/evs-1200,produkt,"K2 ID, automaticky"
/elektronicke-sireny/item/662-evs-1800.html,/katalog-produktov/evs-1800,produkt,"K2 ID, automaticky"
/evakuacny-rozhlas-a-ozvucenie-priestorov.html,/bezpecnostne-systemy-radiove-siete/evakuacny-rozhlas,sluzba,rucne
/evakuacny-rozhlasovy-system-sx-2000.html,/katalog-produktov,kategoria,"prazdna, na katalog"
/evakuacny-rozhlasovy-system-sx-2000/audio-jednotky.html,/katalog-produktov/kategoria/audio-jednotky,kategoria,odvodene z produktov
/evakuacny-rozhlasovy-system-sx-2000/audio-jednotky/item/640-sx-2000ao.html,/katalog-produktov/sx-2000ao,produkt,"K2 ID, automaticky"
/evakuacny-rozhlasovy-system-sx-2000/audio-jednotky/item/641-sx-2100ai.html,/katalog-produktov/sx-2100ai,produkt,"K2 ID, automaticky"
/evakuacny-rozhlasovy-system-sx-2000/audio-jednotky/item/642-sx-2100ao.html,/katalog-produktov/sx-2100ao,produkt,"K2 ID, automaticky"
/evakuacny-rozhlasovy-system-sx-2000/mikrofonne-stanice.html,/katalog-produktov/kategoria/mikrofonne-stanice-133,kategoria,odvodene z produktov
/evakuacny-rozhlasovy-system-sx-2000/mikrofonne-stanice/item/645-rm-200sa.html,/katalog-produktov/rm-200sa,produkt,"K2 ID, automaticky"
/evakuacny-rozhlasovy-system-sx-2000/mikrofonne-stanice/item/646-rm-200sf.html,/katalog-produktov/rm-200sf,produkt,"K2 ID, automaticky"
/evakuacny-rozhlasovy-system-sx-2000/moduly.html,/katalog-produktov/kategoria/moduly,kategoria,odvodene z produktov
/evakuacny-rozhlasovy-system-sx-2000/moduly/item/647-rm-200rj.html,/katalog-produktov/rm-200rj,produkt,"K2 ID, automaticky"
/evakuacny-rozhlasovy-system-sx-2000/moduly/item/648-sx-200rm.html,/katalog-produktov/sx-200rm,produkt,"K2 ID, automaticky"
/evakuacny-rozhlasovy-system-sx-2000/moduly/item/649-d-921e.html,/katalog-produktov/d-921e,produkt,"K2 ID, automaticky"
/evakuacny-rozhlasovy-system-sx-2000/moduly/item/650-d-921f.html,/katalog-produktov/d-921f,produkt,"K2 ID, automaticky"
/evakuacny-rozhlasovy-system-sx-2000/moduly/item/651-d-922e.html,/katalog-produktov/d-922e,produkt,"K2 ID, automaticky"
/evakuacny-rozhlasovy-system-sx-2000/moduly/item/652-d-922f.html,/katalog-produktov/d-922f,produkt,"K2 ID, automaticky"
/evakuacny-rozhlasovy-system-sx-2000/moduly/item/653-d-936r.html,/katalog-produktov/d-936r,produkt,"K2 ID, automaticky"
/evakuacny-rozhlasovy-system-sx-2000/moduly/item/654-ev-200m.html,/katalog-produktov/ev-200m,produkt,"K2 ID, automaticky"
/evakuacny-rozhlasovy-system-sx-2000/systemove-napajanie.html,/katalog-produktov,kategoria,"prazdna, na katalog"
/evakuacny-rozhlasovy-system-sx-2000/systemove-riadiace-jednotky.html,/katalog-produktov/kategoria/systemove-riadiace-jednotky-130,kategoria,odvodene z produktov
/evakuacny-rozhlasovy-system-sx-2000/systemove-riadiace-jednotky/item/637-sx-2000sm.html,/katalog-produktov/sx-2000sm,produkt,"K2 ID, automaticky"
/evakuacny-rozhlasovy-system-sx-2000/systemove-riadiace-jednotky/item/638-sx-2000ci.html,/katalog-produktov/sx-2000ci,produkt,"K2 ID, automaticky"
/evakuacny-rozhlasovy-system-sx-2000/systemove-riadiace-jednotky/item/639-sx-2000co.html,/katalog-produktov/sx-2000co,produkt,"K2 ID, automaticky"
/evakuacny-rozhlasovy-system-sx-2000/systemove-vykonove-zosilnovace.html,/katalog-produktov/kategoria/systemove-vykonove-zosilnovace-131,kategoria,odvodene z produktov
/evakuacny-rozhlasovy-system-sx-2000/systemove-vykonove-zosilnovace/item/643-vp-2064.html,/katalog-produktov/vp-2064,produkt,"K2 ID, automaticky"
/evakuacny-rozhlasovy-system-sx-2000/systemove-vykonove-zosilnovace/item/644-vp-2122.html,/katalog-produktov/vp-2122,produkt,"K2 ID, automaticky"
/evakuacny-rozhlasovy-system-sx-2000/systemove-zosilnovace.html,/katalog-produktov/kategoria/systemove-zosilnovace,kategoria,odvodene z produktov
/evakuacny-rozhlasovy-system-sx-2000/systemove-zosilnovace/item/830-vx-015da.html,/katalog-produktov/vx-015da,produkt,"K2 ID, automaticky"
/evakuacny-rozhlasovy-system-sx-2000/systemove-zosilnovace/item/831-vx-030da.html,/katalog-produktov/vx-030da,produkt,"K2 ID, automaticky"
/evakuacny-rozhlasovy-system-sx-2000/systemove-zosilnovace/item/832-vx-050da.html,/katalog-produktov/vx-050da,produkt,"K2 ID, automaticky"
/evakuacny-rozhlasovy-system-vm-3000.html,/katalog-produktov,kategoria,"prazdna, na katalog"
/evakuacny-rozhlasovy-system-vm-3000/mikrofonne-stanice.html,/katalog-produktov/kategoria/mikrofonne-stanice,kategoria,odvodene z produktov
/evakuacny-rozhlasovy-system-vm-3000/mikrofonne-stanice/item/614-rm-200m.html,/katalog-produktov/rm-200m,produkt,"K2 ID, automaticky"
/evakuacny-rozhlasovy-system-vm-3000/mikrofonne-stanice/item/615-rm-210.html,/katalog-produktov/rm-210,produkt,"K2 ID, automaticky"
/evakuacny-rozhlasovy-system-vm-3000/mikrofonne-stanice/item/616-rm-300mf.html,/katalog-produktov/rm-300mf,produkt,"K2 ID, automaticky"
/evakuacny-rozhlasovy-system-vm-3000/mikrofonne-stanice/item/617-rm-320f.html,/katalog-produktov/rm-320f,produkt,"K2 ID, automaticky"
/evakuacny-rozhlasovy-system-vm-3000/systemove-napajanie.html,/katalog-produktov/kategoria/systemove-napajanie,kategoria,odvodene z produktov
/evakuacny-rozhlasovy-system-vm-3000/systemove-napajanie/item/611-vx-2000ds.html,/katalog-produktov/vx-2000ds,produkt,"K2 ID, automaticky"
/evakuacny-rozhlasovy-system-vm-3000/systemove-napajanie/item/612-vx-200ps.html,/katalog-produktov/vx-200ps,produkt,"K2 ID, automaticky"
/evakuacny-rozhlasovy-system-vm-3000/systemove-napajanie/item/613-vx-2000pf.html,/katalog-produktov/vx-2000pf,produkt,"K2 ID, automaticky"
/evakuacny-rozhlasovy-system-vm-3000/systemove-riadiace-jednotky.html,/katalog-produktov/kategoria/systemove-riadiace-jednotky,kategoria,odvodene z produktov
/evakuacny-rozhlasovy-system-vm-3000/systemove-riadiace-jednotky/item/603-vm-3240va.html,/katalog-produktov/vm-3240va,produkt,"K2 ID, automaticky"
/evakuacny-rozhlasovy-system-vm-3000/systemove-riadiace-jednotky/item/604-vm-3360va.html,/katalog-produktov/vm-3360va,produkt,"K2 ID, automaticky"
/evakuacny-rozhlasovy-system-vm-3000/systemove-riadiace-jednotky/item/605-vm-3240e.html,/katalog-produktov/vm-3240e,produkt,"K2 ID, automaticky"
/evakuacny-rozhlasovy-system-vm-3000/systemove-riadiace-jednotky/item/606-vm-3360e.html,/katalog-produktov/vm-3360e,produkt,"K2 ID, automaticky"
/evakuacny-rozhlasovy-system-vm-3000/systemove-vykonove-zosilnovace.html,/katalog-produktov/kategoria/systemove-vykonove-zosilnovace,kategoria,odvodene z produktov
/evakuacny-rozhlasovy-system-vm-3000/systemove-vykonove-zosilnovace/item/607-vp-200vx.html,/katalog-produktov/vp-200vx,produkt,"K2 ID, automaticky"
/evakuacny-rozhlasovy-system-vm-3000/systemove-vykonove-zosilnovace/item/608-vp-2241.html,/katalog-produktov/vp-2241,produkt,"K2 ID, automaticky"
/evakuacny-rozhlasovy-system-vm-3000/systemove-vykonove-zosilnovace/item/609-vp-2421.html,/katalog-produktov/vp-2421,produkt,"K2 ID, automaticky"
/evakuacny-rozhlasovy-system-vm-3000/systemove-vykonove-zosilnovace/item/610-vp-200vx.html,/katalog-produktov/vp-200vx-610,produkt,"K2 ID, automaticky"
/evakuacny-rozhlasovy-system-vx-3000.html,/katalog-produktov,kategoria,"prazdna, na katalog"
/evakuacny-rozhlasovy-system-vx-3000/ethernetove-prepinace.html,/katalog-produktov/kategoria/ethernetove-prepinace,kategoria,odvodene z produktov
/evakuacny-rozhlasovy-system-vx-3000/ethernetove-prepinace/item/838-oring-ies-2042fx-mm-sc.html,/katalog-produktov/oring-ies-2042fx-mm-sc,produkt,"K2 ID, automaticky"
/evakuacny-rozhlasovy-system-vx-3000/mikrofonne-stanice.html,/katalog-produktov/kategoria/mikrofonne-stanice-167,kategoria,odvodene z produktov
/evakuacny-rozhlasovy-system-vx-3000/mikrofonne-stanice/item/836-rm-200sf.html,/katalog-produktov/rm-200sf-836,produkt,"K2 ID, automaticky"
/evakuacny-rozhlasovy-system-vx-3000/mikrofonne-stanice/item/837-rm-300x.html,/katalog-produktov/rm-300x,produkt,"K2 ID, automaticky"
/evakuacny-rozhlasovy-system-vx-3000/mikrofonne-stanice/item/840-rm-210f.html,/katalog-produktov/rm-210f,produkt,"K2 ID, automaticky"
/evakuacny-rozhlasovy-system-vx-3000/mikrofonne-stanice/item/841-rm-320f.html,/katalog-produktov/rm-320f-841,produkt,"K2 ID, automaticky"
/evakuacny-rozhlasovy-system-vx-3000/moduly.html,/katalog-produktov/kategoria/moduly-166,kategoria,odvodene z produktov
/evakuacny-rozhlasovy-system-vx-3000/moduly/item/833-vx-300lo.html,/katalog-produktov/vx-300lo,produkt,"K2 ID, automaticky"
/evakuacny-rozhlasovy-system-vx-3000/systemove-napajanie.html,/katalog-produktov/kategoria/systemove-napajanie-165,kategoria,odvodene z produktov
/evakuacny-rozhlasovy-system-vx-3000/systemove-napajanie/item/834-vx-3000ds.html,/katalog-produktov/vx-3000ds,produkt,"K2 ID, automaticky"
/evakuacny-rozhlasovy-system-vx-3000/systemove-napajanie/item/835-kopia-vx-3150ds.html,/katalog-produktov/kopia-vx-3150ds,produkt,"K2 ID, automaticky"
/evakuacny-rozhlasovy-system-vx-3000/systemove-ramy.html,/katalog-produktov/kategoria/systemove-ramy,kategoria,odvodene z produktov
/evakuacny-rozhlasovy-system-vx-3000/systemove-ramy/item/827-vx-3004f.html,/katalog-produktov/vx-3004f,produkt,"K2 ID, automaticky"
/evakuacny-rozhlasovy-system-vx-3000/systemove-ramy/item/828-vx-3008f.html,/katalog-produktov/vx-3008f,produkt,"K2 ID, automaticky"
/evakuacny-rozhlasovy-system-vx-3000/systemove-ramy/item/829-vx-3016f.html,/katalog-produktov/vx-3016f,produkt,"K2 ID, automaticky"
/evakuacny-rozhlasovy-system-vx-3000/systemove-zosilnovace.html,/katalog-produktov/kategoria/systemove-zosilnovace,kategoria,odvodene z produktov
/evakuacny-rozhlasovy-system-vx-3000/systemove-zosilnovace/item/830-vx-015da.html,/katalog-produktov/vx-015da,produkt,"K2 ID, automaticky"
/evakuacny-rozhlasovy-system-vx-3000/systemove-zosilnovace/item/831-vx-030da.html,/katalog-produktov/vx-030da,produkt,"K2 ID, automaticky"
/evakuacny-rozhlasovy-system-vx-3000/systemove-zosilnovace/item/832-vx-050da.html,/katalog-produktov/vx-050da,produkt,"K2 ID, automaticky"
/prenosne-analogove-radiostanice.html,/katalog-produktov/kategoria/prenosne-radiostanice-analogove-vx,kategoria,odvodene z produktov
/prenosne-analogove-radiostanice/akumulatory-vx.html,/katalog-produktov/kategoria/prenosne-radiostanice-analogove-vx,kategoria,"prazdna, na nadradenu"
/prenosne-analogove-radiostanice/anteny-vx.html,/katalog-produktov/kategoria/anteny-vx,kategoria,odvodene z produktov
/prenosne-analogove-radiostanice/anteny-vx/item/797-aah72x502.html,/katalog-produktov/aah72x502,produkt,"K2 ID, automaticky"
/prenosne-analogove-radiostanice/anteny-vx/item/798-aah72x503.html,/katalog-produktov/aah72x503,produkt,"K2 ID, automaticky"
/prenosne-analogove-radiostanice/anteny-vx/item/799-aah73x501.html,/katalog-produktov/aah73x501,produkt,"K2 ID, automaticky"
/prenosne-analogove-radiostanice/anteny-vx/item/800-aah73x502.html,/katalog-produktov/aah73x502,produkt,"K2 ID, automaticky"
/prenosne-analogove-radiostanice/anteny-vx/item/801-aah73x503.html,/katalog-produktov/aah73x503,produkt,"K2 ID, automaticky"
/prenosne-analogove-radiostanice/anteny-vx/item/802-aah73x504.html,/katalog-produktov/aah73x504,produkt,"K2 ID, automaticky"
/prenosne-analogove-radiostanice/anteny-vx/item/803-aaj10x502.html,/katalog-produktov/aaj10x502,produkt,"K2 ID, automaticky"
/prenosne-analogove-radiostanice/item/738-motorola-vx-261.html,/katalog-produktov/motorola-vx-261,produkt,"K2 ID, automaticky"
/prenosne-analogove-radiostanice/item/739-motorola-vx-451.html,/katalog-produktov/motorola-vx-451,produkt,"K2 ID, automaticky"
/prenosne-analogove-radiostanice/item/746-motorola-vx-454.html,/katalog-produktov/motorola-vx-454,produkt,"K2 ID, automaticky"
/prenosne-analogove-radiostanice/item/747-motorola-vx-459.html,/katalog-produktov/motorola-vx-459,produkt,"K2 ID, automaticky"
/prenosne-analogove-radiostanice/item/748-motorola-vx-264.html,/katalog-produktov/motorola-vx-264,produkt,"K2 ID, automaticky"
/prenosne-analogove-radiostanice/nabijacky-vx.html,/katalog-produktov/kategoria/prenosne-radiostanice-analogove-vx,kategoria,"prazdna, na nadradenu"
/prenosne-analogove-radiostanice/nahlavne-supravy-vx.html,/katalog-produktov/kategoria/prenosne-radiostanice-analogove-vx,kategoria,"prazdna, na nadradenu"
/prenosne-analogove-radiostanice/nosenie-vx.html,/katalog-produktov/kategoria/nosenie-vx,kategoria,odvodene z produktov
/prenosne-analogove-radiostanice/nosenie-vx/item/804-aaj14x501.html,/katalog-produktov/aaj14x501,produkt,"K2 ID, automaticky"
/prenosne-analogove-radiostanice/nosenie-vx/item/805-aaj14x502.html,/katalog-produktov/aaj14x502,produkt,"K2 ID, automaticky"
/prenosne-analogove-radiostanice/nosenie-vx/item/806-aaj14x505.html,/katalog-produktov/aaj14x505,produkt,"K2 ID, automaticky"
/prenosne-analogove-radiostanice/nosenie-vx/item/807-aaj14x506.html,/katalog-produktov/aaj14x506,produkt,"K2 ID, automaticky"
/prenosne-analogove-radiostanice/nosenie-vx/item/808-aaj14x503.html,/katalog-produktov/aaj14x503,produkt,"K2 ID, automaticky"
/prenosne-analogove-radiostanice/nosenie-vx/item/809-aaj14x504.html,/katalog-produktov/aaj14x504,produkt,"K2 ID, automaticky"
/prenosne-analogove-radiostanice/nosenie-vx/item/810-aaj14x507.html,/katalog-produktov/aaj14x507,produkt,"K2 ID, automaticky"
/prenosne-analogove-radiostanice/nosenie-vx/item/811-aaj14x508.html,/katalog-produktov/aaj14x508,produkt,"K2 ID, automaticky"
/prenosne-analogove-radiostanice/nosenie-vx/item/814-aam04x501.html,/katalog-produktov/aam04x501,produkt,"K2 ID, automaticky"
/prenosne-analogove-radiostanice/nosenie-vx/item/815-aam04x502.html,/katalog-produktov/aam04x502,produkt,"K2 ID, automaticky"
/prenosne-analogove-radiostanice/nosenie-vx/item/816-aam04x503.html,/katalog-produktov/aam04x503,produkt,"K2 ID, automaticky"
/prenosne-analogove-radiostanice/nosenie-vx/item/817-aam04x504.html,/katalog-produktov/aam04x504,produkt,"K2 ID, automaticky"
/prenosne-analogove-radiostanice/repromikrofony-vx.html,/katalog-produktov/kategoria/prenosne-radiostanice-analogove-vx,kategoria,"prazdna, na nadradenu"
/prenosne-analogove-radiostanice/sluchadla-vx.html,/katalog-produktov/kategoria/prenosne-radiostanice-analogove-vx,kategoria,"prazdna, na nadradenu"
/prenosne-digitalne-radiostanice-evx.html,/katalog-produktov/kategoria/prenosne-radiostanice-digitalne-evx,kategoria,odvodene z produktov
/prenosne-digitalne-radiostanice-evx/akumulatory-evx.html,/katalog-produktov/kategoria/akumulatory-evx,kategoria,odvodene z produktov
/prenosne-digitalne-radiostanice-evx/akumulatory-evx/item/758-pmnn4468.html,/katalog-produktov/pmnn4468,produkt,"K2 ID, automaticky"
/prenosne-digitalne-radiostanice-evx/akumulatory-evx/item/775-aaj67x501.html,/katalog-produktov/aaj67x501,produkt,"K2 ID, automaticky"
/prenosne-digitalne-radiostanice-evx/akumulatory-evx/item/776-aaj68x501.html,/katalog-produktov/aaj68x501,produkt,"K2 ID, automaticky"
/prenosne-digitalne-radiostanice-evx/akumulatory-evx/item/777-aal01x501.html,/katalog-produktov/aal01x501,produkt,"K2 ID, automaticky"
/prenosne-digitalne-radiostanice-evx/anteny-evx.html,/katalog-produktov/kategoria/anteny-evx,kategoria,odvodene z produktov
/prenosne-digitalne-radiostanice-evx/anteny-evx/item/749-aae23x502.html,/katalog-produktov/aae23x502,produkt,"K2 ID, automaticky"
/prenosne-digitalne-radiostanice-evx/anteny-evx/item/750-aae23x506.html,/katalog-produktov/aae23x506,produkt,"K2 ID, automaticky"
/prenosne-digitalne-radiostanice-evx/anteny-evx/item/751-aae23x503.html,/katalog-produktov/aae23x503,produkt,"K2 ID, automaticky"
/prenosne-digitalne-radiostanice-evx/anteny-evx/item/752-aam23x502.html,/katalog-produktov/aam23x502,produkt,"K2 ID, automaticky"
/prenosne-digitalne-radiostanice-evx/anteny-evx/item/753-aam23x503.html,/katalog-produktov/aam23x503,produkt,"K2 ID, automaticky"
/prenosne-digitalne-radiostanice-evx/anteny-evx/item/754-aam23x504.html,/katalog-produktov/aam23x504,produkt,"K2 ID, automaticky"
/prenosne-digitalne-radiostanice-evx/anteny-evx/item/755-aam28x502.html,/katalog-produktov/aam28x502,produkt,"K2 ID, automaticky"
/prenosne-digitalne-radiostanice-evx/anteny-evx/item/756-aam28x503.html,/katalog-produktov/aam28x503,produkt,"K2 ID, automaticky"
/prenosne-digitalne-radiostanice-evx/anteny-evx/item/757-aam28x504.html,/katalog-produktov/aam28x504,produkt,"K2 ID, automaticky"
/prenosne-digitalne-radiostanice-evx/anteny-evx/item/770-aae20x503.html,/katalog-produktov/aae20x503,produkt,"K2 ID, automaticky"
/prenosne-digitalne-radiostanice-evx/anteny-evx/item/771-aae24x501.html,/katalog-produktov/aae24x501,produkt,"K2 ID, automaticky"
/prenosne-digitalne-radiostanice-evx/anteny-evx/item/772-aae24x502.html,/katalog-produktov/aae24x502,produkt,"K2 ID, automaticky"
/prenosne-digitalne-radiostanice-evx/anteny-evx/item/773-aae24x503.html,/katalog-produktov/aae24x503,produkt,"K2 ID, automaticky"
/prenosne-digitalne-radiostanice-evx/anteny-evx/item/774-aag42x501.html,/katalog-produktov/aag42x501,produkt,"K2 ID, automaticky"
/prenosne-digitalne-radiostanice-evx/item/737-motorola-evx-261.html,/katalog-produktov/motorola-evx-261,produkt,"K2 ID, automaticky"
/prenosne-digitalne-radiostanice-evx/item/740-motorola-evx-s24.html,/katalog-produktov/motorola-evx-s24,produkt,"K2 ID, automaticky"
/prenosne-digitalne-radiostanice-evx/nabijacky-evx.html,/katalog-produktov/kategoria/nabijacky-evx,kategoria,odvodene z produktov
/prenosne-digitalne-radiostanice-evx/nabijacky-evx/item/762-gmln5515a.html,/katalog-produktov/gmln5515a,produkt,"K2 ID, automaticky"
/prenosne-digitalne-radiostanice-evx/nabijacky-evx/item/763-aam19x501.html,/katalog-produktov/aam19x501,produkt,"K2 ID, automaticky"
/prenosne-digitalne-radiostanice-evx/nabijacky-evx/item/764-aam20x501.html,/katalog-produktov/aam20x501,produkt,"K2 ID, automaticky"
/prenosne-digitalne-radiostanice-evx/nabijacky-evx/item/765-ps000042a12.html,/katalog-produktov/ps000042a12,produkt,"K2 ID, automaticky"
/prenosne-digitalne-radiostanice-evx/nabijacky-evx/item/783-gmln5511.html,/katalog-produktov/gmln5511,produkt,"K2 ID, automaticky"
/prenosne-digitalne-radiostanice-evx/nabijacky-evx/item/785-aak45x501.html,/katalog-produktov/aak45x501,produkt,"K2 ID, automaticky"
/prenosne-digitalne-radiostanice-evx/nabijacky-evx/item/787-gmln5513.html,/katalog-produktov/gmln5513,produkt,"K2 ID, automaticky"
/prenosne-digitalne-radiostanice-evx/nahlavne-supravy-evx.html,/katalog-produktov/kategoria/nahlavne-supravy-evx,kategoria,odvodene z produktov
/prenosne-digitalne-radiostanice-evx/nahlavne-supravy-evx/item/767-aam26x501.html,/katalog-produktov/aam26x501,produkt,"K2 ID, automaticky"
/prenosne-digitalne-radiostanice-evx/nahlavne-supravy-evx/item/792-aal40x501.html,/katalog-produktov/aal40x501,produkt,"K2 ID, automaticky"
/prenosne-digitalne-radiostanice-evx/nahlavne-supravy-evx/item/793-aal41x501.html,/katalog-produktov/aal41x501,produkt,"K2 ID, automaticky"
/prenosne-digitalne-radiostanice-evx/nosenie-evx.html,/katalog-produktov/kategoria/nosenie-evx,kategoria,odvodene z produktov
/prenosne-digitalne-radiostanice-evx/nosenie-evx/item/759-aam22x502.html,/katalog-produktov/aam22x502,produkt,"K2 ID, automaticky"
/prenosne-digitalne-radiostanice-evx/nosenie-evx/item/760-aam18x501.html,/katalog-produktov/aam18x501,produkt,"K2 ID, automaticky"
/prenosne-digitalne-radiostanice-evx/nosenie-evx/item/761-aam22x501.html,/katalog-produktov/aam22x501,produkt,"K2 ID, automaticky"
/prenosne-digitalne-radiostanice-evx/nosenie-evx/item/778-aah12x501.html,/katalog-produktov/aah12x501,produkt,"K2 ID, automaticky"
/prenosne-digitalne-radiostanice-evx/nosenie-evx/item/779-aam03x511.html,/katalog-produktov/aam03x511,produkt,"K2 ID, automaticky"
/prenosne-digitalne-radiostanice-evx/nosenie-evx/item/780-aam03x512.html,/katalog-produktov/aam03x512,produkt,"K2 ID, automaticky"
/prenosne-digitalne-radiostanice-evx/nosenie-evx/item/781-aam03x513.html,/katalog-produktov/aam03x513,produkt,"K2 ID, automaticky"
/prenosne-digitalne-radiostanice-evx/nosenie-evx/item/782-aam03x514.html,/katalog-produktov/aam03x514,produkt,"K2 ID, automaticky"
/prenosne-digitalne-radiostanice-evx/repromikrofony-evx.html,/katalog-produktov/kategoria/repromikrofony-evx,kategoria,odvodene z produktov
/prenosne-digitalne-radiostanice-evx/repromikrofony-evx/item/768-aae46x509.html,/katalog-produktov/aae46x509,produkt,"K2 ID, automaticky"
/prenosne-digitalne-radiostanice-evx/repromikrofony-evx/item/769-aam24x501.html,/katalog-produktov/aam24x501,produkt,"K2 ID, automaticky"
/prenosne-digitalne-radiostanice-evx/repromikrofony-evx/item/794-a13960507.html,/katalog-produktov/a13960507,produkt,"K2 ID, automaticky"
/prenosne-digitalne-radiostanice-evx/repromikrofony-evx/item/795-aaf52x501.html,/katalog-produktov/aaf52x501,produkt,"K2 ID, automaticky"
/prenosne-digitalne-radiostanice-evx/repromikrofony-evx/item/796-aaf53x501.html,/katalog-produktov/aaf53x501,produkt,"K2 ID, automaticky"
/prenosne-digitalne-radiostanice-evx/repromikrofony-evx/item/813-aae46x507.html,/katalog-produktov/aae46x507,produkt,"K2 ID, automaticky"
/prenosne-digitalne-radiostanice-evx/sluchadla-evx.html,/katalog-produktov/kategoria/sluchadla-evx,kategoria,odvodene z produktov
/prenosne-digitalne-radiostanice-evx/sluchadla-evx/item/766-aam21x501.html,/katalog-produktov/aam21x501,produkt,"K2 ID, automaticky"
/prenosne-digitalne-radiostanice-evx/sluchadla-evx/item/788-aak50x501.html,/katalog-produktov/aak50x501,produkt,"K2 ID, automaticky"
/prenosne-digitalne-radiostanice-evx/sluchadla-evx/item/789-aal82x501.html,/katalog-produktov/aal82x501,produkt,"K2 ID, automaticky"
/prenosne-digitalne-radiostanice-evx/sluchadla-evx/item/790-aal83x501.html,/katalog-produktov/aal83x501,produkt,"K2 ID, automaticky"
/prenosne-digitalne-radiostanice-evx/sluchadla-evx/item/791-aal84x501.html,/katalog-produktov/aal84x501,produkt,"K2 ID, automaticky"
/prenosne-radiostanice-archiv.html,/katalog-produktov,kategoria,"prazdna, na katalog"
/prenosne-radiostanice-archiv/komercne.html,/katalog-produktov/kategoria/prenosne-komercne-radiostanice,kategoria,odvodene z produktov
/prenosne-radiostanice-archiv/komercne/akumulatory.html,/katalog-produktov/kategoria/akumulatory-cp,kategoria,odvodene z produktov
/prenosne-radiostanice-archiv/komercne/akumulatory/item/220-pmnn4251.html,/katalog-produktov/pmnn4251,produkt,"K2 ID, automaticky"
/prenosne-radiostanice-archiv/komercne/akumulatory/item/221-pmnn4253.html,/katalog-produktov/pmnn4253,produkt,"K2 ID, automaticky"
/prenosne-radiostanice-archiv/komercne/akumulatory/item/308-pmnn4254.html,/katalog-produktov/pmnn4254,produkt,"K2 ID, automaticky"
/prenosne-radiostanice-archiv/komercne/akumulatory/item/734-pmnn4258.html,/katalog-produktov/pmnn4258,produkt,"K2 ID, automaticky"
/prenosne-radiostanice-archiv/komercne/akumulatory/item/735-pmnn4259.html,/katalog-produktov/pmnn4259,produkt,"K2 ID, automaticky"
/prenosne-radiostanice-archiv/komercne/anteny.html,/katalog-produktov/kategoria/anteny-cp,kategoria,odvodene z produktov
/prenosne-radiostanice-archiv/komercne/anteny/item/444-nae6483.html,/katalog-produktov/nae6483,produkt,"K2 ID, automaticky"
/prenosne-radiostanice-archiv/komercne/anteny/item/445-nae6522.html,/katalog-produktov/nae6522,produkt,"K2 ID, automaticky"
/prenosne-radiostanice-archiv/komercne/anteny/item/693-had9338.html,/katalog-produktov/had9338,produkt,"K2 ID, automaticky"
/prenosne-radiostanice-archiv/komercne/ine.html,/katalog-produktov/kategoria/ine-prislusenstvo-cp,kategoria,odvodene z produktov
/prenosne-radiostanice-archiv/komercne/ine/item/118-epnn9286.html,/katalog-produktov/epnn9286,produkt,"K2 ID, automaticky"
/prenosne-radiostanice-archiv/komercne/ine/item/335-pmln4605.html,/katalog-produktov/pmln4605,produkt,"K2 ID, automaticky"
/prenosne-radiostanice-archiv/komercne/ine/item/337-0186180z01.html,/katalog-produktov/0186180z01,produkt,"K2 ID, automaticky"
/prenosne-radiostanice-archiv/komercne/ine/item/429-wpln4137.html,/katalog-produktov/wpln4137,produkt,"K2 ID, automaticky"
/prenosne-radiostanice-archiv/komercne/ine/item/500-rkn4094.html,/katalog-produktov/rkn4094,produkt,"K2 ID, automaticky"
/prenosne-radiostanice-archiv/komercne/ine/item/547-7580372e11.html,/katalog-produktov/7580372e11,produkt,"K2 ID, automaticky"
/prenosne-radiostanice-archiv/komercne/ine/item/602-rln5925.html,/katalog-produktov/rln5925,produkt,"K2 ID, automaticky"
/prenosne-radiostanice-archiv/komercne/item/5-motorola-cp040.html,/katalog-produktov/motorola-cp040,produkt,"K2 ID, automaticky"
/prenosne-radiostanice-archiv/komercne/item/6-motorola-cp140.html,/katalog-produktov/motorola-cp140,produkt,"K2 ID, automaticky"
/prenosne-radiostanice-archiv/komercne/item/7-motorola-cp160.html,/katalog-produktov/motorola-cp160,produkt,"K2 ID, automaticky"
/prenosne-radiostanice-archiv/komercne/item/8-motorola-cp180.html,/katalog-produktov/motorola-cp180,produkt,"K2 ID, automaticky"
/prenosne-radiostanice-archiv/komercne/nabijacky.html,/katalog-produktov/kategoria/nabijacky-cp,kategoria,odvodene z produktov
/prenosne-radiostanice-archiv/komercne/nabijacky/item/309-pmln5192.html,/katalog-produktov/pmln5192,produkt,"K2 ID, automaticky"
/prenosne-radiostanice-archiv/komercne/nabijacky/item/430-wpln4162.html,/katalog-produktov/wpln4162,produkt,"K2 ID, automaticky"
/prenosne-radiostanice-archiv/komercne/nabijacky/item/733-pmln7089.html,/katalog-produktov/pmln7089,produkt,"K2 ID, automaticky"
/prenosne-radiostanice-archiv/komercne/nahlavne-supravy.html,/katalog-produktov/kategoria/nahlavne-supravy-cp,kategoria,odvodene z produktov
/prenosne-radiostanice-archiv/komercne/nahlavne-supravy/item/310-bdn6648.html,/katalog-produktov/bdn6648,produkt,"K2 ID, automaticky"
/prenosne-radiostanice-archiv/komercne/nahlavne-supravy/item/311-hmn9021.html,/katalog-produktov/hmn9021,produkt,"K2 ID, automaticky"
/prenosne-radiostanice-archiv/komercne/nahlavne-supravy/item/314-mdpmln4445.html,/katalog-produktov/mdpmln4445,produkt,"K2 ID, automaticky"
/prenosne-radiostanice-archiv/komercne/nahlavne-supravy/item/316-pmln5003.html,/katalog-produktov/pmln5003,produkt,"K2 ID, automaticky"
/prenosne-radiostanice-archiv/komercne/nahlavne-supravy/item/317-pmln5277.html,/katalog-produktov/pmln5277,produkt,"K2 ID, automaticky"
/prenosne-radiostanice-archiv/komercne/nahlavne-supravy/item/437-hmn9022.html,/katalog-produktov/hmn9022,produkt,"K2 ID, automaticky"
/prenosne-radiostanice-archiv/komercne/nahlavne-supravy/item/489-hmn9013.html,/katalog-produktov/hmn9013,produkt,"K2 ID, automaticky"
/prenosne-radiostanice-archiv/komercne/nahlavne-supravy/item/499-rmn4051.html,/katalog-produktov/rmn4051,produkt,"K2 ID, automaticky"
/prenosne-radiostanice-archiv/komercne/nosenie.html,/katalog-produktov/kategoria/nosenie-cp,kategoria,odvodene z produktov
/prenosne-radiostanice-archiv/komercne/nosenie/item/338-rln5383.html,/katalog-produktov/rln5383,produkt,"K2 ID, automaticky"
/prenosne-radiostanice-archiv/komercne/nosenie/item/339-rln5384.html,/katalog-produktov/rln5384,produkt,"K2 ID, automaticky"
/prenosne-radiostanice-archiv/komercne/nosenie/item/340-rln5385.html,/katalog-produktov/rln5385,produkt,"K2 ID, automaticky"
/prenosne-radiostanice-archiv/komercne/nosenie/item/341-hln9701.html,/katalog-produktov/hln9701,produkt,"K2 ID, automaticky"
/prenosne-radiostanice-archiv/komercne/nosenie/item/439-3-bodove-puzdro.html,/katalog-produktov/3-bodove-puzdro,produkt,"K2 ID, automaticky"
/prenosne-radiostanice-archiv/komercne/nosenie/item/493-rln5496.html,/katalog-produktov/rln5496,produkt,"K2 ID, automaticky"
/prenosne-radiostanice-archiv/komercne/nosenie/item/494-rln5497.html,/katalog-produktov/rln5497,produkt,"K2 ID, automaticky"
/prenosne-radiostanice-archiv/komercne/nosenie/item/495-rln5498.html,/katalog-produktov/rln5498,produkt,"K2 ID, automaticky"
/prenosne-radiostanice-archiv/komercne/nosenie/item/496-rln5640.html,/katalog-produktov/rln5640,produkt,"K2 ID, automaticky"
/prenosne-radiostanice-archiv/komercne/nosenie/item/497-rln5641.html,/katalog-produktov/rln5641,produkt,"K2 ID, automaticky"
/prenosne-radiostanice-archiv/komercne/nosenie/item/498-rln5642.html,/katalog-produktov/rln5642,produkt,"K2 ID, automaticky"
/prenosne-radiostanice-archiv/komercne/repromikrofony.html,/katalog-produktov/kategoria/repromikrofony-cp,kategoria,odvodene z produktov
/prenosne-radiostanice-archiv/komercne/repromikrofony/item/318-mdpmmn4008.html,/katalog-produktov/mdpmmn4008,produkt,"K2 ID, automaticky"
/prenosne-radiostanice-archiv/komercne/repromikrofony/item/319-mdpmmn4013.html,/katalog-produktov/mdpmmn4013,produkt,"K2 ID, automaticky"
/prenosne-radiostanice-archiv/komercne/repromikrofony/item/320-mdpmmn4029.html,/katalog-produktov/mdpmmn4029,produkt,"K2 ID, automaticky"
/prenosne-radiostanice-archiv/komercne/sluchadla.html,/katalog-produktov/kategoria/sluchadla-cp,kategoria,odvodene z produktov
/prenosne-radiostanice-archiv/komercne/sluchadla/item/230-mdrln4885.html,/katalog-produktov/mdrln4885,produkt,"K2 ID, automaticky"
/prenosne-radiostanice-archiv/komercne/sluchadla/item/231-mdrln4941.html,/katalog-produktov/mdrln4941,produkt,"K2 ID, automaticky"
/prenosne-radiostanice-archiv/komercne/sluchadla/item/313-mdpmln4444.html,/katalog-produktov/mdpmln4444,produkt,"K2 ID, automaticky"
/prenosne-radiostanice-archiv/komercne/sluchadla/item/315-mdpmln4658.html,/katalog-produktov/mdpmln4658,produkt,"K2 ID, automaticky"
/prenosne-radiostanice-archiv/komercne/sluchadla/item/321-bdn6720.html,/katalog-produktov/bdn6720,produkt,"K2 ID, automaticky"
/prenosne-radiostanice-archiv/komercne/sluchadla/item/322-hmn9727.html,/katalog-produktov/hmn9727,produkt,"K2 ID, automaticky"
/prenosne-radiostanice-archiv/komercne/sluchadla/item/323-hmn9752.html,/katalog-produktov/hmn9752,produkt,"K2 ID, automaticky"
/prenosne-radiostanice-archiv/komercne/sluchadla/item/324-mdpmln4442.html,/katalog-produktov/mdpmln4442,produkt,"K2 ID, automaticky"
/prenosne-radiostanice-archiv/komercne/sluchadla/item/325-mdpmln4443.html,/katalog-produktov/mdpmln4443,produkt,"K2 ID, automaticky"
/prenosne-radiostanice-archiv/komercne/sluchadla/item/326-mdpmln4606.html,/katalog-produktov/mdpmln4606,produkt,"K2 ID, automaticky"
/prenosne-radiostanice-archiv/komercne/sluchadla/item/327-pmln4294.html,/katalog-produktov/pmln4294,produkt,"K2 ID, automaticky"
/prenosne-radiostanice-archiv/komercne/sluchadla/item/328-hmn9754.html,/katalog-produktov/hmn9754,produkt,"K2 ID, automaticky"
/prenosne-radiostanice-archiv/komercne/sluchadla/item/329-pmln5001.html,/katalog-produktov/pmln5001,produkt,"K2 ID, automaticky"
/prenosne-radiostanice-archiv/komercne/sluchadla/item/330-rln4895.html,/katalog-produktov/rln4895,produkt,"K2 ID, automaticky"
/prenosne-radiostanice-archiv/komercne/sluchadla/item/334-wadn4190.html,/katalog-produktov/wadn4190,produkt,"K2 ID, automaticky"
/prenosne-radiostanice-archiv/komercne/sluchadla/item/455-mdpmln4620.html,/katalog-produktov/mdpmln4620,produkt,"K2 ID, automaticky"
/prenosne-radiostanice-archiv/komercne/sluchadla/item/490-hmn9036.html,/katalog-produktov/hmn9036,produkt,"K2 ID, automaticky"
/prenosne-radiostanice-archiv/komercne/sluchadla/item/492-rln4894.html,/katalog-produktov/rln4894,produkt,"K2 ID, automaticky"
/prenosne-radiostanice-archiv/profesionalne-atex.html,/katalog-produktov/kategoria/profesionalne-radiostanice-atex,kategoria,odvodene z produktov
/prenosne-radiostanice-archiv/profesionalne-atex/akumulatory.html,/katalog-produktov/kategoria/akumulatory-gp-atex,kategoria,odvodene z produktov
/prenosne-radiostanice-archiv/profesionalne-atex/akumulatory/item/217-nntn7174.html,/katalog-produktov/nntn7174,produkt,"K2 ID, automaticky"
/prenosne-radiostanice-archiv/profesionalne-atex/anteny.html,/katalog-produktov/kategoria/anteny-gp-atex,kategoria,odvodene z produktov
/prenosne-radiostanice-archiv/profesionalne-atex/anteny/item/447-pmad4049.html,/katalog-produktov/pmad4049,produkt,"K2 ID, automaticky"
/prenosne-radiostanice-archiv/profesionalne-atex/anteny/item/451-pmae4016.html,/katalog-produktov/pmae4016,produkt,"K2 ID, automaticky"
/prenosne-radiostanice-archiv/profesionalne-atex/anteny/item/726-pmad4042.html,/katalog-produktov/pmad4042,produkt,"K2 ID, automaticky"
/prenosne-radiostanice-archiv/profesionalne-atex/audio.html,/katalog-produktov/kategoria/nahlavne-supravy-gp-atex,kategoria,odvodene z produktov
/prenosne-radiostanice-archiv/profesionalne-atex/audio/item/503-pmln5151.html,/katalog-produktov/pmln5151,produkt,"K2 ID, automaticky"
/prenosne-radiostanice-archiv/profesionalne-atex/audio/item/504-pmln5152.html,/katalog-produktov/pmln5152,produkt,"K2 ID, automaticky"
/prenosne-radiostanice-archiv/profesionalne-atex/audio/item/505-pmln5153.html,/katalog-produktov/pmln5153,produkt,"K2 ID, automaticky"
/prenosne-radiostanice-archiv/profesionalne-atex/audio/item/506-pmln5154.html,/katalog-produktov/pmln5154,produkt,"K2 ID, automaticky"
/prenosne-radiostanice-archiv/profesionalne-atex/ine.html,/katalog-produktov/kategoria/ine-prislusenstvo-gp-atex,kategoria,odvodene z produktov
/prenosne-radiostanice-archiv/profesionalne-atex/ine/item/480-gmln4226.html,/katalog-produktov/gmln4226,produkt,"K2 ID, automaticky"
/prenosne-radiostanice-archiv/profesionalne-atex/item/30-motorola-gp340ex.html,/katalog-produktov/motorola-gp340ex,produkt,"K2 ID, automaticky"
/prenosne-radiostanice-archiv/profesionalne-atex/item/31-motorola-gp380ex.html,/katalog-produktov/motorola-gp380ex,produkt,"K2 ID, automaticky"
/prenosne-radiostanice-archiv/profesionalne-atex/nabijacky.html,/katalog-produktov/kategoria/profesionalne-radiostanice-atex,kategoria,"prazdna, na nadradenu"
/prenosne-radiostanice-archiv/profesionalne-atex/nosenie.html,/katalog-produktov/kategoria/nosenie-gp-atex,kategoria,odvodene z produktov
/prenosne-radiostanice-archiv/profesionalne-atex/nosenie/item/348-gmln1110.html,/katalog-produktov/gmln1110,produkt,"K2 ID, automaticky"
/prenosne-radiostanice-archiv/profesionalne-atex/nosenie/item/362-gmln1111.html,/katalog-produktov/gmln1111,produkt,"K2 ID, automaticky"
/prenosne-radiostanice-archiv/profesionalne-atex/nosenie/item/363-gmln1112.html,/katalog-produktov/gmln1112,produkt,"K2 ID, automaticky"
/prenosne-radiostanice-archiv/profesionalne-atex/nosenie/item/364-gmln1113.html,/katalog-produktov/gmln1113,produkt,"K2 ID, automaticky"
/prenosne-radiostanice-archiv/profesionalne-atex/nosenie/item/502-pmln5134.html,/katalog-produktov/pmln5134,produkt,"K2 ID, automaticky"
/prenosne-radiostanice-archiv/profesionalne-atex/repromikrofony.html,/katalog-produktov/kategoria/repromikrofony-gp-atex,kategoria,odvodene z produktov
/prenosne-radiostanice-archiv/profesionalne-atex/repromikrofony/item/360-gmmn1111.html,/katalog-produktov/gmmn1111,produkt,"K2 ID, automaticky"
/prenosne-radiostanice-archiv/profesionalne-atex/repromikrofony/item/508-pmmn4058.html,/katalog-produktov/pmmn4058,produkt,"K2 ID, automaticky"
/prenosne-radiostanice-archiv/profesionalne-kompaktne.html,/katalog-produktov/kategoria/profesionalne-radiostanice-kompaktne,kategoria,odvodene z produktov
/prenosne-radiostanice-archiv/profesionalne-kompaktne/akumulatory.html,/katalog-produktov/kategoria/akumulatory-gpmini,kategoria,odvodene z produktov
/prenosne-radiostanice-archiv/profesionalne-kompaktne/akumulatory/item/222-pmnn4201.html,/katalog-produktov/pmnn4201,produkt,"K2 ID, automaticky"
/prenosne-radiostanice-archiv/profesionalne-kompaktne/akumulatory/item/224-pmnn4202.html,/katalog-produktov/pmnn4202,produkt,"K2 ID, automaticky"
/prenosne-radiostanice-archiv/profesionalne-kompaktne/anteny.html,/katalog-produktov/kategoria/anteny-gpmini,kategoria,odvodene z produktov
/prenosne-radiostanice-archiv/profesionalne-kompaktne/anteny/item/712-pmae4021.html,/katalog-produktov/pmae4021,produkt,"K2 ID, automaticky"
/prenosne-radiostanice-archiv/profesionalne-kompaktne/ine.html,/katalog-produktov/kategoria/ine-prislusenstvo-gpmini,kategoria,odvodene z produktov
/prenosne-radiostanice-archiv/profesionalne-kompaktne/ine/item/414-pmln5010.html,/katalog-produktov/pmln5010,produkt,"K2 ID, automaticky"
/prenosne-radiostanice-archiv/profesionalne-kompaktne/ine/item/467-rkn4093.html,/katalog-produktov/rkn4093,produkt,"K2 ID, automaticky"
/prenosne-radiostanice-archiv/profesionalne-kompaktne/ine/item/469-mdpmln4455.html,/katalog-produktov/mdpmln4455,produkt,"K2 ID, automaticky"
/prenosne-radiostanice-archiv/profesionalne-kompaktne/ine/item/509-jmln4638.html,/katalog-produktov/jmln4638,produkt,"K2 ID, automaticky"
/prenosne-radiostanice-archiv/profesionalne-kompaktne/item/28-motorola-gp344.html,/katalog-produktov/motorola-gp344,produkt,"K2 ID, automaticky"
/prenosne-radiostanice-archiv/profesionalne-kompaktne/item/29-motorola-gp388.html,/katalog-produktov/motorola-gp388,produkt,"K2 ID, automaticky"
/prenosne-radiostanice-archiv/profesionalne-kompaktne/nabijacky.html,/katalog-produktov/kategoria/profesionalne-radiostanice-kompaktne,kategoria,"prazdna, na nadradenu"
/prenosne-radiostanice-archiv/profesionalne-kompaktne/nahlavne-supravy.html,/katalog-produktov/kategoria/nahlavne-supravy-gpmini,kategoria,odvodene z produktov
/prenosne-radiostanice-archiv/profesionalne-kompaktne/nahlavne-supravy/item/370-mdjmmn4066.html,/katalog-produktov/mdjmmn4066,produkt,"K2 ID, automaticky"
/prenosne-radiostanice-archiv/profesionalne-kompaktne/nahlavne-supravy/item/466-bdn6645.html,/katalog-produktov/bdn6645,produkt,"K2 ID, automaticky"
/prenosne-radiostanice-archiv/profesionalne-kompaktne/nahlavne-supravy/item/513-nmn6245.html,/katalog-produktov/nmn6245,produkt,"K2 ID, automaticky"
/prenosne-radiostanice-archiv/profesionalne-kompaktne/nahlavne-supravy/item/514-nmn6246.html,/katalog-produktov/nmn6246,produkt,"K2 ID, automaticky"
/prenosne-radiostanice-archiv/profesionalne-kompaktne/nosenie.html,/katalog-produktov/kategoria/nosenie-gpmini,kategoria,odvodene z produktov
/prenosne-radiostanice-archiv/profesionalne-kompaktne/nosenie/item/365-pmln4521.html,/katalog-produktov/pmln4521,produkt,"K2 ID, automaticky"
/prenosne-radiostanice-archiv/profesionalne-kompaktne/nosenie/item/366-jmzn4023.html,/katalog-produktov/jmzn4023,produkt,"K2 ID, automaticky"
/prenosne-radiostanice-archiv/profesionalne-kompaktne/nosenie/item/367-pmln4421.html,/katalog-produktov/pmln4421,produkt,"K2 ID, automaticky"
/prenosne-radiostanice-archiv/profesionalne-kompaktne/nosenie/item/368-pmln4471.html,/katalog-produktov/pmln4471,produkt,"K2 ID, automaticky"
/prenosne-radiostanice-archiv/profesionalne-kompaktne/nosenie/item/369-pmln4521.html,/katalog-produktov/pmln4521-369,produkt,"K2 ID, automaticky"
/prenosne-radiostanice-archiv/profesionalne-kompaktne/nosenie/item/371-pmln4470.html,/katalog-produktov/pmln4470,produkt,"K2 ID, automaticky"
/prenosne-radiostanice-archiv/profesionalne-kompaktne/nosenie/item/510-jmzn4020.html,/katalog-produktov/jmzn4020,produkt,"K2 ID, automaticky"
/prenosne-radiostanice-archiv/profesionalne-kompaktne/nosenie/item/515-pmln5089.html,/katalog-produktov/pmln5089,produkt,"K2 ID, automaticky"
/prenosne-radiostanice-archiv/profesionalne-kompaktne/nosenie/item/516-pmln5090.html,/katalog-produktov/pmln5090,produkt,"K2 ID, automaticky"
/prenosne-radiostanice-archiv/profesionalne-kompaktne/repromikrofony.html,/katalog-produktov/kategoria/repromikrofony-gpmini,kategoria,odvodene z produktov
/prenosne-radiostanice-archiv/profesionalne-kompaktne/repromikrofony/item/511-mdpmmn4022.html,/katalog-produktov/mdpmmn4022,produkt,"K2 ID, automaticky"
/prenosne-radiostanice-archiv/profesionalne-kompaktne/sluchadla.html,/katalog-produktov/kategoria/sluchadla-gpmini,kategoria,odvodene z produktov
/prenosne-radiostanice-archiv/profesionalne-kompaktne/sluchadla/item/356-mdpmln4608.html,/katalog-produktov/mdpmln4608,produkt,"K2 ID, automaticky"
/prenosne-radiostanice-archiv/profesionalne-kompaktne/sluchadla/item/376-pmln5002.html,/katalog-produktov/pmln5002,produkt,"K2 ID, automaticky"
/prenosne-radiostanice-archiv/profesionalne-kompaktne/sluchadla/item/377-mdpmln4657.html,/katalog-produktov/mdpmln4657,produkt,"K2 ID, automaticky"
/prenosne-radiostanice-archiv/profesionalne-kompaktne/sluchadla/item/413-mdpmln4519.html,/katalog-produktov/mdpmln4519,produkt,"K2 ID, automaticky"
/prenosne-radiostanice-archiv/profesionalne-kompaktne/sluchadla/item/468-bdn6668.html,/katalog-produktov/bdn6668,produkt,"K2 ID, automaticky"
/prenosne-radiostanice-archiv/profesionalne-kompaktne/sluchadla/item/470-bdn6670.html,/katalog-produktov/bdn6670,produkt,"K2 ID, automaticky"
/prenosne-radiostanice-archiv/profesionalne-kompaktne/sluchadla/item/471-bdn6726.html,/katalog-produktov/bdn6726,produkt,"K2 ID, automaticky"
/prenosne-radiostanice-archiv/profesionalne-kompaktne/sluchadla/item/472-bdn6729.html,/katalog-produktov/bdn6729,produkt,"K2 ID, automaticky"
/prenosne-radiostanice-archiv/profesionalne-kompaktne/sluchadla/item/473-bdn6730.html,/katalog-produktov/bdn6730,produkt,"K2 ID, automaticky"
/prenosne-radiostanice-archiv/profesionalne-kompaktne/sluchadla/item/664-bdn6664.html,/katalog-produktov/bdn6664,produkt,"K2 ID, automaticky"
/prenosne-radiostanice-archiv/profesionalne-kompaktne/sluchadla/item/665-bdn6665.html,/katalog-produktov/bdn6665,produkt,"K2 ID, automaticky"
/prenosne-radiostanice-archiv/profesionalne-kompaktne/sluchadla/item/667-bdn6666.html,/katalog-produktov/bdn6666,produkt,"K2 ID, automaticky"
/prenosne-radiostanice-archiv/profesionalne-kompaktne/sluchadla/item/668-bdn6728.html,/katalog-produktov/bdn6728,produkt,"K2 ID, automaticky"
/prenosne-radiostanice-archiv/profesionalne-kompaktne/sluchadla/item/669-bdn6667.html,/katalog-produktov/bdn6667,produkt,"K2 ID, automaticky"
/prenosne-radiostanice-archiv/profesionalne-odolne.html,/katalog-produktov/kategoria/profesionalne-radiostanice-odolne,kategoria,odvodene z produktov
/prenosne-radiostanice-archiv/profesionalne-odolne/akumulatory.html,/katalog-produktov/kategoria/akumulatory-gp-r,kategoria,odvodene z produktov
/prenosne-radiostanice-archiv/profesionalne-odolne/akumulatory/item/223-pmnn4074.html,/katalog-produktov/pmnn4074,produkt,"K2 ID, automaticky"
/prenosne-radiostanice-archiv/profesionalne-odolne/akumulatory/item/440-pmnn4094.html,/katalog-produktov/pmnn4094,produkt,"K2 ID, automaticky"
/prenosne-radiostanice-archiv/profesionalne-odolne/anteny.html,/katalog-produktov/kategoria/anteny-gp-r,kategoria,odvodene z produktov
/prenosne-radiostanice-archiv/profesionalne-odolne/anteny/item/452-pmae4022.html,/katalog-produktov/pmae4022,produkt,"K2 ID, automaticky"
/prenosne-radiostanice-archiv/profesionalne-odolne/anteny/item/655-nad6566.html,/katalog-produktov/nad6566,produkt,"K2 ID, automaticky"
/prenosne-radiostanice-archiv/profesionalne-odolne/anteny/item/695-nad6567.html,/katalog-produktov/nad6567,produkt,"K2 ID, automaticky"
/prenosne-radiostanice-archiv/profesionalne-odolne/anteny/item/696-nad6568.html,/katalog-produktov/nad6568,produkt,"K2 ID, automaticky"
/prenosne-radiostanice-archiv/profesionalne-odolne/ine.html,/katalog-produktov/kategoria/profesionalne-radiostanice-odolne,kategoria,"prazdna, na nadradenu"
/prenosne-radiostanice-archiv/profesionalne-odolne/item/32-motorola-gp344r.html,/katalog-produktov/motorola-gp344r,produkt,"K2 ID, automaticky"
/prenosne-radiostanice-archiv/profesionalne-odolne/item/33-motorola-gp366r.html,/katalog-produktov/motorola-gp366r,produkt,"K2 ID, automaticky"
/prenosne-radiostanice-archiv/profesionalne-odolne/item/34-motorola-gp388r.html,/katalog-produktov/motorola-gp388r,produkt,"K2 ID, automaticky"
/prenosne-radiostanice-archiv/profesionalne-odolne/nabijacky.html,/katalog-produktov/kategoria/profesionalne-radiostanice-odolne,kategoria,"prazdna, na nadradenu"
/prenosne-radiostanice-archiv/profesionalne-odolne/nahlavne-supravy.html,/katalog-produktov/kategoria/profesionalne-radiostanice-odolne,kategoria,"prazdna, na nadradenu"
/prenosne-radiostanice-archiv/profesionalne-odolne/nosenie.html,/katalog-produktov/kategoria/profesionalne-radiostanice-odolne,kategoria,"prazdna, na nadradenu"
/prenosne-radiostanice-archiv/profesionalne-odolne/repromikrofony.html,/katalog-produktov/kategoria/repromikrofony-gp-r,kategoria,odvodene z produktov
/prenosne-radiostanice-archiv/profesionalne-odolne/repromikrofony/item/512-mdpmmn4023.html,/katalog-produktov/mdpmmn4023,produkt,"K2 ID, automaticky"
/prenosne-radiostanice-archiv/profesionalne-odolne/sluchadla.html,/katalog-produktov/kategoria/profesionalne-radiostanice-odolne,kategoria,"prazdna, na nadradenu"
/prenosne-radiostanice-archiv/profesionalne.html,/katalog-produktov/kategoria/prenosne-profesionalne-radiostanice,kategoria,odvodene z produktov
/prenosne-radiostanice-archiv/profesionalne/akumulatory.html,/katalog-produktov/kategoria/akumulatory-gp,kategoria,odvodene z produktov
/prenosne-radiostanice-archiv/profesionalne/akumulatory/item/218-pmnn4151.html,/katalog-produktov/pmnn4151,produkt,"K2 ID, automaticky"
/prenosne-radiostanice-archiv/profesionalne/akumulatory/item/219-pmnn4154.html,/katalog-produktov/pmnn4154,produkt,"K2 ID, automaticky"
/prenosne-radiostanice-archiv/profesionalne/akumulatory/item/344-pmnn4156.html,/katalog-produktov/pmnn4156,produkt,"K2 ID, automaticky"
/prenosne-radiostanice-archiv/profesionalne/akumulatory/item/345-pmnn4158.html,/katalog-produktov/pmnn4158,produkt,"K2 ID, automaticky"
/prenosne-radiostanice-archiv/profesionalne/akumulatory/item/392-pmnn4159.html,/katalog-produktov/pmnn4159,produkt,"K2 ID, automaticky"
/prenosne-radiostanice-archiv/profesionalne/akumulatory/item/731-pmnn4455.html,/katalog-produktov/pmnn4455,produkt,"K2 ID, automaticky"
/prenosne-radiostanice-archiv/profesionalne/akumulatory/item/736-pmnn4457.html,/katalog-produktov/pmnn4457,produkt,"K2 ID, automaticky"
/prenosne-radiostanice-archiv/profesionalne/anteny.html,/katalog-produktov/kategoria/anteny-gp,kategoria,odvodene z produktov
/prenosne-radiostanice-archiv/profesionalne/anteny/item/426-pmae4003.html,/katalog-produktov/pmae4003,produkt,"K2 ID, automaticky"
/prenosne-radiostanice-archiv/profesionalne/anteny/item/427-pmad4015.html,/katalog-produktov/pmad4015,produkt,"K2 ID, automaticky"
/prenosne-radiostanice-archiv/profesionalne/anteny/item/428-nad6502.html,/katalog-produktov/nad6502,produkt,"K2 ID, automaticky"
/prenosne-radiostanice-archiv/profesionalne/anteny/item/446-pmad4013.html,/katalog-produktov/pmad4013,produkt,"K2 ID, automaticky"
/prenosne-radiostanice-archiv/profesionalne/anteny/item/697-pmad4014.html,/katalog-produktov/pmad4014,produkt,"K2 ID, automaticky"
/prenosne-radiostanice-archiv/profesionalne/anteny/item/699-pmad4023.html,/katalog-produktov/pmad4023,produkt,"K2 ID, automaticky"
/prenosne-radiostanice-archiv/profesionalne/anteny/item/700-pmad4025.html,/katalog-produktov/pmad4025,produkt,"K2 ID, automaticky"
/prenosne-radiostanice-archiv/profesionalne/anteny/item/711-pmae4006.html,/katalog-produktov/pmae4006,produkt,"K2 ID, automaticky"
/prenosne-radiostanice-archiv/profesionalne/ine.html,/katalog-produktov/kategoria/ine-prislusenstvo-gp,kategoria,odvodene z produktov
/prenosne-radiostanice-archiv/profesionalne/ine/item/346-hln9716.html,/katalog-produktov/hln9716,produkt,"K2 ID, automaticky"
/prenosne-radiostanice-archiv/profesionalne/ine/item/384-mdhtn9000.html,/katalog-produktov/mdhtn9000,produkt,"K2 ID, automaticky"
/prenosne-radiostanice-archiv/profesionalne/ine/item/443-hln9756.html,/katalog-produktov/hln9756,produkt,"K2 ID, automaticky"
/prenosne-radiostanice-archiv/profesionalne/ine/item/526-wpln4199.html,/katalog-produktov/wpln4199,produkt,"K2 ID, automaticky"
/prenosne-radiostanice-archiv/profesionalne/item/19-motorola-gp140.html,/katalog-produktov/motorola-gp140,produkt,"K2 ID, automaticky"
/prenosne-radiostanice-archiv/profesionalne/item/23-motorola-gp240.html,/katalog-produktov/motorola-gp240,produkt,"K2 ID, automaticky"
/prenosne-radiostanice-archiv/profesionalne/item/24-motorola-gp280.html,/katalog-produktov/motorola-gp280,produkt,"K2 ID, automaticky"
/prenosne-radiostanice-archiv/profesionalne/item/25-motorola-gp340.html,/katalog-produktov/motorola-gp340,produkt,"K2 ID, automaticky"
/prenosne-radiostanice-archiv/profesionalne/item/26-motorola-gp360.html,/katalog-produktov/motorola-gp360,produkt,"K2 ID, automaticky"
/prenosne-radiostanice-archiv/profesionalne/item/27-motorola-gp380.html,/katalog-produktov/motorola-gp380,produkt,"K2 ID, automaticky"
/prenosne-radiostanice-archiv/profesionalne/nabijacky.html,/katalog-produktov/kategoria/nabijacky-gp,kategoria,odvodene z produktov
/prenosne-radiostanice-archiv/profesionalne/nabijacky/item/347-pmln5196.html,/katalog-produktov/pmln5196,produkt,"K2 ID, automaticky"
/prenosne-radiostanice-archiv/profesionalne/nabijacky/item/372-mdrln4883.html,/katalog-produktov/mdrln4883,produkt,"K2 ID, automaticky"
/prenosne-radiostanice-archiv/profesionalne/nabijacky/item/374-wpln4189.html,/katalog-produktov/wpln4189,produkt,"K2 ID, automaticky"
/prenosne-radiostanice-archiv/profesionalne/nabijacky/item/375-wpln4194.html,/katalog-produktov/wpln4194,produkt,"K2 ID, automaticky"
/prenosne-radiostanice-archiv/profesionalne/nabijacky/item/507-pmln5188.html,/katalog-produktov/pmln5188,produkt,"K2 ID, automaticky"
/prenosne-radiostanice-archiv/profesionalne/nahlavne-supravy.html,/katalog-produktov/kategoria/nahlavne-supravy-gp,kategoria,odvodene z produktov
/prenosne-radiostanice-archiv/profesionalne/nahlavne-supravy/item/352-mdrmn4018.html,/katalog-produktov/mdrmn4018,produkt,"K2 ID, automaticky"
/prenosne-radiostanice-archiv/profesionalne/nahlavne-supravy/item/378-mdrmn4019.html,/katalog-produktov/mdrmn4019,produkt,"K2 ID, automaticky"
/prenosne-radiostanice-archiv/profesionalne/nahlavne-supravy/item/379-enmn4012.html,/katalog-produktov/enmn4012,produkt,"K2 ID, automaticky"
/prenosne-radiostanice-archiv/profesionalne/nahlavne-supravy/item/385-mdrmn4020.html,/katalog-produktov/mdrmn4020,produkt,"K2 ID, automaticky"
/prenosne-radiostanice-archiv/profesionalne/nahlavne-supravy/item/390-mdrmn4031.html,/katalog-produktov/mdrmn4031,produkt,"K2 ID, automaticky"
/prenosne-radiostanice-archiv/profesionalne/nahlavne-supravy/item/391-mdrmn4032.html,/katalog-produktov/mdrmn4032,produkt,"K2 ID, automaticky"
/prenosne-radiostanice-archiv/profesionalne/nahlavne-supravy/item/476-enmn4015.html,/katalog-produktov/enmn4015,produkt,"K2 ID, automaticky"
/prenosne-radiostanice-archiv/profesionalne/nahlavne-supravy/item/477-enmn4016.html,/katalog-produktov/enmn4016,produkt,"K2 ID, automaticky"
/prenosne-radiostanice-archiv/profesionalne/nahlavne-supravy/item/521-mdpmln4558.html,/katalog-produktov/mdpmln4558,produkt,"K2 ID, automaticky"
/prenosne-radiostanice-archiv/profesionalne/nahlavne-supravy/item/523-pmln5276.html,/katalog-produktov/pmln5276,produkt,"K2 ID, automaticky"
/prenosne-radiostanice-archiv/profesionalne/nosenie.html,/katalog-produktov/kategoria/nosenie-gp,kategoria,odvodene z produktov
/prenosne-radiostanice-archiv/profesionalne/nosenie/item/349-hln9676.html,/katalog-produktov/hln9676,produkt,"K2 ID, automaticky"
/prenosne-radiostanice-archiv/profesionalne/nosenie/item/350-hln9694.html,/katalog-produktov/hln9694,produkt,"K2 ID, automaticky"
/prenosne-radiostanice-archiv/profesionalne/nosenie/item/380-hln9665.html,/katalog-produktov/hln9665,produkt,"K2 ID, automaticky"
/prenosne-radiostanice-archiv/profesionalne/nosenie/item/381-hln9689.html,/katalog-produktov/hln9689,produkt,"K2 ID, automaticky"
/prenosne-radiostanice-archiv/profesionalne/nosenie/item/382-hln9714.html,/katalog-produktov/hln9714,produkt,"K2 ID, automaticky"
/prenosne-radiostanice-archiv/profesionalne/nosenie/item/383-hln9844.html,/katalog-produktov/hln9844,produkt,"K2 ID, automaticky"
/prenosne-radiostanice-archiv/profesionalne/nosenie/item/479-gln6591.html,/katalog-produktov/gln6591,produkt,"K2 ID, automaticky"
/prenosne-radiostanice-archiv/profesionalne/nosenie/item/481-hln9652.html,/katalog-produktov/hln9652,produkt,"K2 ID, automaticky"
/prenosne-radiostanice-archiv/profesionalne/nosenie/item/482-hln9677.html,/katalog-produktov/hln9677,produkt,"K2 ID, automaticky"
/prenosne-radiostanice-archiv/profesionalne/nosenie/item/483-hln9670.html,/katalog-produktov/hln9670,produkt,"K2 ID, automaticky"
/prenosne-radiostanice-archiv/profesionalne/nosenie/item/484-hln9690.html,/katalog-produktov/hln9690,produkt,"K2 ID, automaticky"
/prenosne-radiostanice-archiv/profesionalne/nosenie/item/485-hln9695.html,/katalog-produktov/hln9695,produkt,"K2 ID, automaticky"
/prenosne-radiostanice-archiv/profesionalne/nosenie/item/486-hln9699.html,/katalog-produktov/hln9699,produkt,"K2 ID, automaticky"
/prenosne-radiostanice-archiv/profesionalne/nosenie/item/487-hln9700.html,/katalog-produktov/hln9700,produkt,"K2 ID, automaticky"
/prenosne-radiostanice-archiv/profesionalne/nosenie/item/517-hln9698.html,/katalog-produktov/hln9698,produkt,"K2 ID, automaticky"
/prenosne-radiostanice-archiv/profesionalne/nosenie/item/518-hln9952.html,/katalog-produktov/hln9952,produkt,"K2 ID, automaticky"
/prenosne-radiostanice-archiv/profesionalne/repromikrofony.html,/katalog-produktov/kategoria/repromikrofony-gp,kategoria,odvodene z produktov
/prenosne-radiostanice-archiv/profesionalne/repromikrofony/item/353-mdpmmn4021.html,/katalog-produktov/mdpmmn4021,produkt,"K2 ID, automaticky"
/prenosne-radiostanice-archiv/profesionalne/repromikrofony/item/354-mdpmmn4027.html,/katalog-produktov/mdpmmn4027,produkt,"K2 ID, automaticky"
/prenosne-radiostanice-archiv/profesionalne/repromikrofony/item/522-mdpmmn4009.html,/katalog-produktov/mdpmmn4009,produkt,"K2 ID, automaticky"
/prenosne-radiostanice-archiv/profesionalne/repromikrofony/item/524-pmmn4039.html,/katalog-produktov/pmmn4039,produkt,"K2 ID, automaticky"
/prenosne-radiostanice-archiv/profesionalne/repromikrofony/item/525-pmmn4044.html,/katalog-produktov/pmmn4044,produkt,"K2 ID, automaticky"
/prenosne-radiostanice-archiv/profesionalne/sluchadla.html,/katalog-produktov/kategoria/sluchadla-gp,kategoria,odvodene z produktov
/prenosne-radiostanice-archiv/profesionalne/sluchadla/item/355-mdpmln4418.html,/katalog-produktov/mdpmln4418,produkt,"K2 ID, automaticky"
/prenosne-radiostanice-archiv/profesionalne/sluchadla/item/386-mdrmn4021.html,/katalog-produktov/mdrmn4021,produkt,"K2 ID, automaticky"
/prenosne-radiostanice-archiv/profesionalne/sluchadla/item/387-mdrmn4022.html,/katalog-produktov/mdrmn4022,produkt,"K2 ID, automaticky"
/prenosne-radiostanice-archiv/profesionalne/sluchadla/item/388-mdrmn4028.html,/katalog-produktov/mdrmn4028,produkt,"K2 ID, automaticky"
/prenosne-radiostanice-archiv/profesionalne/sluchadla/item/389-mdrmn4029.html,/katalog-produktov/mdrmn4029,produkt,"K2 ID, automaticky"
/prenosne-radiostanice-archiv/profesionalne/sluchadla/item/412-mdpmln4607.html,/katalog-produktov/mdpmln4607,produkt,"K2 ID, automaticky"
/prenosne-radiostanice-archiv/profesionalne/sluchadla/item/423-mdpmln4653.html,/katalog-produktov/mdpmln4653,produkt,"K2 ID, automaticky"
/prenosne-radiostanice-archiv/profesionalne/sluchadla/item/424-pmln5000.html,/katalog-produktov/pmln5000,produkt,"K2 ID, automaticky"
/prenosne-radiostanice-archiv/profesionalne/sluchadla/item/474-enmn4013.html,/katalog-produktov/enmn4013,produkt,"K2 ID, automaticky"
/prenosne-radiostanice-archiv/profesionalne/sluchadla/item/475-enmn4014.html,/katalog-produktov/enmn4014,produkt,"K2 ID, automaticky"
/prenosne-radiostanice-archiv/profesionalne/sluchadla/item/478-enmn4017.html,/katalog-produktov/enmn4017,produkt,"K2 ID, automaticky"
/prenosne-radiostanice-archiv/profesionalne/sluchadla/item/519-mdpmln4556.html,/katalog-produktov/mdpmln4556,produkt,"K2 ID, automaticky"
/prenosne-radiostanice-archiv/profesionalne/sluchadla/item/520-mdpmln4557.html,/katalog-produktov/mdpmln4557,produkt,"K2 ID, automaticky"
/prevadzace.html,/katalog-produktov/kategoria/prevadzace,kategoria,odvodene z produktov
/prevadzace/ine.html,/katalog-produktov/kategoria/ine-prevadzace,kategoria,odvodene z produktov
/prevadzace/ine/item/301-pmln5269.html,/katalog-produktov/pmln5269,produkt,"K2 ID, automaticky"
/prevadzace/ine/item/596-pmle4476.html,/katalog-produktov/pmle4476,produkt,"K2 ID, automaticky"
/prevadzace/ine/item/601-rkn4152.html,/katalog-produktov/rkn4152,produkt,"K2 ID, automaticky"
/prevadzace/item/456-motorola-dr3000.html,/katalog-produktov/motorola-dr3000,produkt,"K2 ID, automaticky"
/prevadzace/item/465-motorola-mtr3000.html,/katalog-produktov/motorola-mtr3000,produkt,"K2 ID, automaticky"
/prevadzace/softver.html,/katalog-produktov/kategoria/softver,kategoria,odvodene z produktov
/prevadzace/softver/item/457-hkvn4013.html,/katalog-produktov/hkvn4013,produkt,"K2 ID, automaticky"
/prevadzace/softver/item/458-hkvn4056.html,/katalog-produktov/hkvn4056,produkt,"K2 ID, automaticky"
/prevadzace/softver/item/459-hkvn4063.html,/katalog-produktov/hkvn4063,produkt,"K2 ID, automaticky"
/prevadzace/softver/item/460-hkvn4108.html,/katalog-produktov/hkvn4108,produkt,"K2 ID, automaticky"
/prevadzace/softver/item/461-hkvn4109.html,/katalog-produktov/hkvn4109,produkt,"K2 ID, automaticky"
/prevadzace/softver/item/462-hkvn4070.html,/katalog-produktov/hkvn4070,produkt,"K2 ID, automaticky"
/prevadzace/softver/item/463-hkvn4057.html,/katalog-produktov/hkvn4057,produkt,"K2 ID, automaticky"
/prevadzace/softver/item/464-hkvn4045.html,/katalog-produktov/hkvn4045,produkt,"K2 ID, automaticky"
/prevadzace/softver/item/594-gmvn5520.html,/katalog-produktov/gmvn5520,produkt,"K2 ID, automaticky"
/prevadzace/softver/item/595-hkvn4041.html,/katalog-produktov/hkvn4041,produkt,"K2 ID, automaticky"
/projektovanie-elektrickych-zariaden-1.html,/bezpecnostne-systemy-radiove-siete/projekty-elektrickych-zariadeni,sluzba,rucne
/radiove-siete.html,/bezpecnostne-systemy-radiove-siete/radiove-siete,sluzba,rucne
/radiove-siete/legislativa.html,/bezpecnostne-systemy-radiove-siete/radiove-siete,sluzba,rucne
/radiove-siete/navrh-a-projektovanie.html,/bezpecnostne-systemy-radiove-siete/navrh-radiovych-sieti,sluzba,rucne
/radiove-siete/prenajom-radiovych-sieti.html,/bezpecnostne-systemy-radiove-siete/prenajom-radiostanic,sluzba,rucne
/radiove-siete/realizacia.html,/bezpecnostne-systemy-radiove-siete/radiove-siete,sluzba,rucne
/radiove-siete/servis.html,/bezpecnostne-systemy-radiove-siete/servis-radiostanic,sluzba,rucne
/reproduktory-100v.html,/katalog-produktov,kategoria,"prazdna, na katalog"
/reproduktory-100v/nastenne.html,/katalog-produktov/kategoria/nastenne-reproduktory,kategoria,odvodene z produktov
/reproduktory-100v/nastenne/item/621-bs-678bsw.html,/katalog-produktov/bs-678bsw,produkt,"K2 ID, automaticky"
/reproduktory-100v/nastenne/item/622-bs-678bsb.html,/katalog-produktov/bs-678bsb,produkt,"K2 ID, automaticky"
/reproduktory-100v/nastenne/item/624-bs-1034en.html,/katalog-produktov/bs-1034en,produkt,"K2 ID, automaticky"
/reproduktory-100v/nastenne/item/625-bs-250ab-eb.html,/katalog-produktov/bs-250ab-eb,produkt,"K2 ID, automaticky"
/reproduktory-100v/nastenne/item/626-ars-288.html,/katalog-produktov/ars-288,produkt,"K2 ID, automaticky"
/reproduktory-100v/nastenne/item/627-ars-289.html,/katalog-produktov/ars-289,produkt,"K2 ID, automaticky"
/reproduktory-100v/nastenne/item/628-sa3-55q.html,/katalog-produktov/sa3-55q,produkt,"K2 ID, automaticky"
/reproduktory-100v/nastenne/item/629-ars-520.html,/katalog-produktov/ars-520,produkt,"K2 ID, automaticky"
/reproduktory-100v/stropne.html,/katalog-produktov/kategoria/stropne-reproduktory,kategoria,odvodene z produktov
/reproduktory-100v/stropne/item/618-pc-2369en.html,/katalog-produktov/pc-2369en,produkt,"K2 ID, automaticky"
/reproduktory-100v/stropne/item/619-pc-1869en.html,/katalog-produktov/pc-1869en,produkt,"K2 ID, automaticky"
/reproduktory-100v/stropne/item/620-pc-1867fc.html,/katalog-produktov/pc-1867fc,produkt,"K2 ID, automaticky"
/reproduktory-100v/stropne/item/630-sa3-22f.html,/katalog-produktov/sa3-22f,produkt,"K2 ID, automaticky"
/reproduktory-100v/stropne/item/631-sa3-22fhe.html,/katalog-produktov/sa3-22fhe,produkt,"K2 ID, automaticky"
/reproduktory-100v/tlakove.html,/katalog-produktov/kategoria/tlakove-reproduktory,kategoria,odvodene z produktov
/reproduktory-100v/tlakove/item/623-sc-615bs.html,/katalog-produktov/sc-615bs,produkt,"K2 ID, automaticky"
/reproduktory-100v/tlakove/item/632-cs-154bs.html,/katalog-produktov/cs-154bs,produkt,"K2 ID, automaticky"
/reproduktory-100v/tlakove/item/633-t51of.html,/katalog-produktov/t51of,produkt,"K2 ID, automaticky"
/reproduktory-100v/tlakove/item/634-tc30ah.html,/katalog-produktov/tc30ah,produkt,"K2 ID, automaticky"
/reproduktory-100v/tlakove/item/635-xhk8515.html,/katalog-produktov/xhk8515,produkt,"K2 ID, automaticky"
/reproduktory-100v/tlakove/item/636-xhr1625.html,/katalog-produktov/xhr1625,produkt,"K2 ID, automaticky"
/servis-a-oprava-radiostanic-vysielaciek.html,/bezpecnostne-systemy-radiove-siete/servis-radiostanic,sluzba,rucne
/vozidlove-radiostanice-analogove.html,/katalog-produktov/kategoria/vozidlove-radiostanice-analogove-vx,kategoria,odvodene z produktov
/vozidlove-radiostanice-analogove/item/744-motorola-vx-2200.html,/katalog-produktov/motorola-vx-2200,produkt,"K2 ID, automaticky"
/vozidlove-radiostanice-analogove/item/745-motorola-vx-2100.html,/katalog-produktov/motorola-vx-2100,produkt,"K2 ID, automaticky"
/vozidlove-radiostanice-analogove/mikrofony-vx.html,/katalog-produktov/kategoria/mikrofony-vx,kategoria,odvodene z produktov
/vozidlove-radiostanice-analogove/mikrofony-vx/item/820-aae60x502.html,/katalog-produktov/aae60x502,produkt,"K2 ID, automaticky"
/vozidlove-radiostanice-analogove/mikrofony-vx/item/821-aaf13x501.html,/katalog-produktov/aaf13x501,produkt,"K2 ID, automaticky"
/vozidlove-radiostanice-analogove/mikrofony-vx/item/822-aag22x501.html,/katalog-produktov/aag22x501,produkt,"K2 ID, automaticky"
/vozidlove-radiostanice-analogove/reproduktory-vx.html,/katalog-produktov/kategoria/reproduktory-vx,kategoria,odvodene z produktov
/vozidlove-radiostanice-analogove/reproduktory-vx/item/823-a09260503.html,/katalog-produktov/a09260503,produkt,"K2 ID, automaticky"
/vozidlove-radiostanice-analogove/reproduktory-vx/item/824-aad49x501.html,/katalog-produktov/aad49x501,produkt,"K2 ID, automaticky"
/vozidlove-radiostanice-archiv.html,/katalog-produktov,kategoria,"prazdna, na katalog"
/vozidlove-radiostanice-archiv/komercne.html,/katalog-produktov/kategoria/zakladnove-komercne,kategoria,odvodene z produktov
/vozidlove-radiostanice-archiv/komercne/anteny.html,/katalog-produktov/kategoria/anteny-cm,kategoria,odvodene z produktov
/vozidlove-radiostanice-archiv/komercne/anteny/item/432-vozidlova-antena.html,/katalog-produktov/vozidlova-antena,produkt,"K2 ID, automaticky"
/vozidlove-radiostanice-archiv/komercne/anteny/item/433-antena-pre-hdv.html,/katalog-produktov/antena-pre-hdv,produkt,"K2 ID, automaticky"
/vozidlove-radiostanice-archiv/komercne/anteny/item/434-zakladnova-antena1.html,/katalog-produktov/zakladnova-antena1,produkt,"K2 ID, automaticky"
/vozidlove-radiostanice-archiv/komercne/anteny/item/435-zakladnova-antena2.html,/katalog-produktov/zakladnova-antena2,produkt,"K2 ID, automaticky"
/vozidlove-radiostanice-archiv/komercne/anteny/item/436-zakladnova-antena3.html,/katalog-produktov/zakladnova-antena3,produkt,"K2 ID, automaticky"
/vozidlove-radiostanice-archiv/komercne/ine.html,/katalog-produktov/kategoria/ine-prislusenstvo-cm,kategoria,odvodene z produktov
/vozidlove-radiostanice-archiv/komercne/ine/item/406-rln4857.html,/katalog-produktov/rln4857,produkt,"K2 ID, automaticky"
/vozidlove-radiostanice-archiv/komercne/ine/item/488-rln4836.html,/katalog-produktov/rln4836,produkt,"K2 ID, automaticky"
/vozidlove-radiostanice-archiv/komercne/ine/item/825-hln9073.html,/katalog-produktov/hln9073,produkt,"K2 ID, automaticky"
/vozidlove-radiostanice-archiv/komercne/instalacia.html,/katalog-produktov/kategoria/instalacia-cm,kategoria,odvodene z produktov
/vozidlove-radiostanice-archiv/komercne/instalacia/item/401-gln7324.html,/katalog-produktov/gln7324,produkt,"K2 ID, automaticky"
/vozidlove-radiostanice-archiv/komercne/instalacia/item/402-rln4779.html,/katalog-produktov/rln4779,produkt,"K2 ID, automaticky"
/vozidlove-radiostanice-archiv/komercne/instalacia/item/403-rln5390.html,/katalog-produktov/rln5390,produkt,"K2 ID, automaticky"
/vozidlove-radiostanice-archiv/komercne/instalacia/item/404-rln5391.html,/katalog-produktov/rln5391,produkt,"K2 ID, automaticky"
/vozidlove-radiostanice-archiv/komercne/instalacia/item/416-hln9457.html,/katalog-produktov/hln9457,produkt,"K2 ID, automaticky"
/vozidlove-radiostanice-archiv/komercne/instalacia/item/431-gln7317.html,/katalog-produktov/gln7317,produkt,"K2 ID, automaticky"
/vozidlove-radiostanice-archiv/komercne/instalacia/item/663-hln9242.html,/katalog-produktov/hln9242,produkt,"K2 ID, automaticky"
/vozidlove-radiostanice-archiv/komercne/item/10-motorola-cm140.html,/katalog-produktov/motorola-cm140,produkt,"K2 ID, automaticky"
/vozidlove-radiostanice-archiv/komercne/item/11-motorola-cm340.html,/katalog-produktov/motorola-cm340,produkt,"K2 ID, automaticky"
/vozidlove-radiostanice-archiv/komercne/item/12-motorola-cm160.html,/katalog-produktov/motorola-cm160,produkt,"K2 ID, automaticky"
/vozidlove-radiostanice-archiv/komercne/item/13-motorola-cm360.html,/katalog-produktov/motorola-cm360,produkt,"K2 ID, automaticky"
/vozidlove-radiostanice-archiv/komercne/mikrofony.html,/katalog-produktov/kategoria/mikrofony-cm,kategoria,odvodene z produktov
/vozidlove-radiostanice-archiv/komercne/mikrofony/item/393-enmn4019.html,/katalog-produktov/enmn4019,produkt,"K2 ID, automaticky"
/vozidlove-radiostanice-archiv/komercne/mikrofony/item/394-gmun1006.html,/katalog-produktov/gmun1006,produkt,"K2 ID, automaticky"
/vozidlove-radiostanice-archiv/komercne/mikrofony/item/395-hmn3413.html,/katalog-produktov/hmn3413,produkt,"K2 ID, automaticky"
/vozidlove-radiostanice-archiv/komercne/mikrofony/item/397-mdrmn5029.html,/katalog-produktov/mdrmn5029,produkt,"K2 ID, automaticky"
/vozidlove-radiostanice-archiv/komercne/mikrofony/item/398-rmn5068.html,/katalog-produktov/rmn5068,produkt,"K2 ID, automaticky"
/vozidlove-radiostanice-archiv/komercne/napajanie.html,/katalog-produktov/kategoria/zakladnove-komercne,kategoria,"prazdna, na nadradenu"
/vozidlove-radiostanice-archiv/komercne/reproduktory.html,/katalog-produktov/kategoria/reproduktory-cm,kategoria,odvodene z produktov
/vozidlove-radiostanice-archiv/komercne/reproduktory/item/399-hsn8145.html,/katalog-produktov/hsn8145,produkt,"K2 ID, automaticky"
/vozidlove-radiostanice-archiv/komercne/reproduktory/item/400-rsn4001.html,/katalog-produktov/rsn4001,produkt,"K2 ID, automaticky"
/vozidlove-radiostanice-archiv/profesionalne.html,/katalog-produktov/kategoria/zakladnove-profesionalne,kategoria,odvodene z produktov
/vozidlove-radiostanice-archiv/profesionalne/anteny.html,/katalog-produktov/kategoria/zakladnove-profesionalne,kategoria,"prazdna, na nadradenu"
/vozidlove-radiostanice-archiv/profesionalne/ine.html,/katalog-produktov/kategoria/zakladnove-profesionalne,kategoria,"prazdna, na nadradenu"
/vozidlove-radiostanice-archiv/profesionalne/instalacia.html,/katalog-produktov/kategoria/instalacia-gm,kategoria,odvodene z produktov
/vozidlove-radiostanice-archiv/profesionalne/instalacia/item/425-gln7326.html,/katalog-produktov/gln7326,produkt,"K2 ID, automaticky"
/vozidlove-radiostanice-archiv/profesionalne/instalacia/item/842-gln7318.html,/katalog-produktov/gln7318,produkt,"K2 ID, automaticky"
/vozidlove-radiostanice-archiv/profesionalne/item/14-motorola-gm140.html,/katalog-produktov/motorola-gm140,produkt,"K2 ID, automaticky"
/vozidlove-radiostanice-archiv/profesionalne/item/15-motorola-gm160.html,/katalog-produktov/motorola-gm160,produkt,"K2 ID, automaticky"
/vozidlove-radiostanice-archiv/profesionalne/item/16-motorola-gm360.html,/katalog-produktov/motorola-gm360,produkt,"K2 ID, automaticky"
/vozidlove-radiostanice-archiv/profesionalne/item/17-motorola-gm380.html,/katalog-produktov/motorola-gm380,produkt,"K2 ID, automaticky"
/vozidlove-radiostanice-archiv/profesionalne/item/18-motorola-gm1280.html,/katalog-produktov/motorola-gm1280,produkt,"K2 ID, automaticky"
/vozidlove-radiostanice-archiv/profesionalne/item/727-motorola-gm340.html,/katalog-produktov/motorola-gm340,produkt,"K2 ID, automaticky"
/vozidlove-radiostanice-archiv/profesionalne/mikrofony.html,/katalog-produktov/kategoria/mikrofony-gm,kategoria,odvodene z produktov
/vozidlove-radiostanice-archiv/profesionalne/mikrofony/item/396-mdrmn4038.html,/katalog-produktov/mdrmn4038,produkt,"K2 ID, automaticky"
/vozidlove-radiostanice-archiv/profesionalne/mikrofony/item/409-mdrmn4025.html,/katalog-produktov/mdrmn4025,produkt,"K2 ID, automaticky"
/vozidlove-radiostanice-archiv/profesionalne/mikrofony/item/410-mdrmn4026.html,/katalog-produktov/mdrmn4026,produkt,"K2 ID, automaticky"
/vozidlove-radiostanice-archiv/profesionalne/napajanie.html,/katalog-produktov/kategoria/zakladnove-profesionalne,kategoria,"prazdna, na nadradenu"
/vozidlove-radiostanice-archiv/profesionalne/reproduktory.html,/katalog-produktov/kategoria/zakladnove-profesionalne,kategoria,"prazdna, na nadradenu"
/vysledky-vyhladavania.html,410,odpad,"zahodit, nie presmerovat"
/component/search/*,410,odpad,"stara Joomla vyhladavanie, zahodit"
/component/finder/*,410,odpad,"stara Joomla vyhladavanie, zahodit"
/zalozne-akumulatory.html,/katalog-produktov/kategoria/zalozne-akumulatory,kategoria,odvodene z produktov
/zalozne-akumulatory/item/826-yuasa-npl100-12.html,/katalog-produktov/yuasa-npl100-12,produkt,"K2 ID, automaticky"
/zalozne-akumulatory/item/839-yuasa-np65-12.html,/katalog-produktov/yuasa-np65-12,produkt,"K2 ID, automaticky"
/profil-spolocnosti/referencie.html,/referencie,stranka,rucne
/lodne-radiostanice-1.html,/katalog-produktov/kategoria/lodne-radiostanice,kategoria,rucne
/lodne-radiostanice-1/akumulatory.html,/katalog-produktov/kategoria/akumulatory-marine,kategoria,rucne
/lodne-radiostanice-1/anteny.html,/katalog-produktov/kategoria/anteny-marine,kategoria,rucne
/lodne-radiostanice-1/nabijacky.html,/katalog-produktov/kategoria/nabijacky-marine,kategoria,rucne
/lodne-radiostanice-1/nosenie.html,/katalog-produktov/kategoria/nosenie-marine,kategoria,rucne
/lodne-radiostanice-1/repromikrofony.html,/katalog-produktov/kategoria/repromikrofony-marine,kategoria,rucne
/lodne-radiostanice-1/sluchadla.html,/katalog-produktov/kategoria/sluchadla-marine,kategoria,rucne
/lodne-radiostanice-1/*,/katalog-produktov/kategoria/lodne-radiostanice,fallback,rucne zvysok vetvy
