typ,zdroj,teraz_slug,navrhovany_slug
kategoria,mototrbo,prenosne-radiostanice-mototrbo-2,prenosne-radiostanice
kategoria,archiv,prenosne-radiostanice,prenosne-radiostanice-archiv
kategoria,mototrbo,radiostanice-2002,radiostanice
kategoria,archiv,radiostanice,radiostanice-archiv
kategoria,mototrbo,vozidlove-radiostanice-mototrbo,vozidlove-radiostanice
kategoria,archiv,vozidlove-radiostanice,vozidlove-radiostanice-archiv
kategoria,mototrbo,prevadzace-mototrbo,prevadzace
kategoria,archiv,prevadzace,prevadzace-archiv
kategoria,mototrbo,anteny-dp-mototrbo,anteny-dp
kategoria,archiv,anteny-dp,anteny-dp-archiv
kategoria,mototrbo,nabijacky-mototrbo,nabijacky
kategoria,archiv,nabijacky,nabijacky-archiv
kategoria,mototrbo,bluetooth-dp-mototrbo,bluetooth-dp
kategoria,archiv,bluetooth-dp,bluetooth-dp-archiv
kategoria,mototrbo,softver-dp-mototrbo,softver-dp
kategoria,archiv,softver-dp,softver-dp-archiv
kategoria,mototrbo,bluetooth-dm-mototrbo,bluetooth-dm
kategoria,archiv,bluetooth-dm,bluetooth-dm-archiv
produkt,mototrbo,motorola-dr3000-mototrbo,motorola-dr3000
produkt,archiv,motorola-dr3000,motorola-dr3000-archiv
produkt,mototrbo,motorola-mtr3000-mototrbo,motorola-mtr3000
produkt,archiv,motorola-mtr3000,motorola-mtr3000-archiv
produkt,mototrbo,pmnn4254-mototrbo,pmnn4254
produkt,archiv,pmnn4254,pmnn4254-archiv
produkt,mototrbo,pmnn4253-mototrbo,pmnn4253
produkt,archiv,pmnn4253,pmnn4253-archiv
produkt,mototrbo,pmnn4251-mototrbo,pmnn4251
produkt,archiv,pmnn4251,pmnn4251-archiv
produkt,mototrbo,wpln4199-mototrbo,wpln4199
produkt,archiv,wpln4199,wpln4199-archiv
produkt,mototrbo,pmln5188-mototrbo,pmln5188
produkt,archiv,pmln5188,pmln5188-archiv
produkt,mototrbo,antena-pre-hdv-mototrbo,antena-pre-hdv
produkt,archiv,antena-pre-hdv,antena-pre-hdv-archiv
produkt,mototrbo,vozidlova-antena-mototrbo,vozidlova-antena
produkt,archiv,vozidlova-antena,vozidlova-antena-archiv
produkt,mototrbo,rsn4001-mototrbo,rsn4001
produkt,archiv,rsn4001,rsn4001-archiv
produkt,mototrbo,hsn8145-mototrbo,hsn8145
produkt,archiv,hsn8145,hsn8145-archiv
produkt,mototrbo,rln4836-mototrbo,rln4836
produkt,archiv,rln4836,rln4836-archiv
produkt,mototrbo,rln4857-mototrbo,rln4857
produkt,archiv,rln4857,rln4857-archiv
produkt,mototrbo,rkn4152-mototrbo,rkn4152
produkt,archiv,rkn4152,rkn4152-archiv
produkt,mototrbo,pmle4476-mototrbo,pmle4476
produkt,archiv,pmle4476,pmle4476-archiv
produkt,mototrbo,pmln5269-mototrbo,pmln5269
produkt,archiv,pmln5269,pmln5269-archiv
produkt,mototrbo,hkvn4041-mototrbo,hkvn4041
produkt,archiv,hkvn4041,hkvn4041-archiv
produkt,mototrbo,gmvn5520-mototrbo,gmvn5520
produkt,archiv,gmvn5520,gmvn5520-archiv
produkt,mototrbo,hkvn4045-mototrbo,hkvn4045
produkt,archiv,hkvn4045,hkvn4045-archiv
produkt,mototrbo,pmln5192-mototrbo,pmln5192
produkt,archiv,pmln5192,pmln5192-archiv
produkt,mototrbo,epnn9286-mototrbo,epnn9286
produkt,archiv,epnn9286,epnn9286-archiv
produkt,mototrbo,pmln5196-mototrbo,pmln5196
produkt,archiv,pmln5196,pmln5196-archiv
produkt,mototrbo,gln7318-mototrbo,gln7318
produkt,archiv,gln7318,gln7318-archiv
produkt,mototrbo,wpln4194-mototrbo,wpln4194
produkt,archiv,wpln4194,wpln4194-archiv
produkt,mototrbo,hln9073-mototrbo,hln9073
produkt,archiv,hln9073,hln9073-archiv
produkt,mototrbo,mdhtn9000-mototrbo,mdhtn9000
produkt,archiv,mdhtn9000,mdhtn9000-archiv
produkt,mototrbo,7580372e11-mototrbo,7580372e11
produkt,archiv,7580372e11,7580372e11-archiv
produkt,mototrbo,pmln4605-mototrbo,pmln4605
produkt,archiv,pmln4605,pmln4605-archiv
produkt,mototrbo,wadn4190-mototrbo,wadn4190
produkt,archiv,wadn4190,wadn4190-archiv
produkt,mototrbo,bdn6720-mototrbo,bdn6720
produkt,archiv,bdn6720,bdn6720-archiv
produkt,mototrbo,mdrln4941-mototrbo,mdrln4941
produkt,archiv,mdrln4941,mdrln4941-archiv
produkt,mototrbo,mdrln4885-mototrbo,mdrln4885
produkt,archiv,mdrln4885,mdrln4885-archiv
produkt,mototrbo,hkvn4013-mototrbo,hkvn4013
produkt,archiv,hkvn4013,hkvn4013-archiv
produkt,mototrbo,hkvn4057-mototrbo,hkvn4057
produkt,archiv,hkvn4057,hkvn4057-archiv
produkt,mototrbo,hkvn4056-mototrbo,hkvn4056
produkt,archiv,hkvn4056,hkvn4056-archiv
produkt,mototrbo,hkvn4063-mototrbo,hkvn4063
produkt,archiv,hkvn4063,hkvn4063-archiv
produkt,mototrbo,hkvn4070-mototrbo,hkvn4070
produkt,archiv,hkvn4070,hkvn4070-archiv
produkt,mototrbo,hkvn4108-mototrbo,hkvn4108
produkt,archiv,hkvn4108,hkvn4108-archiv
produkt,mototrbo,hkvn4109-mototrbo,hkvn4109
produkt,archiv,hkvn4109,hkvn4109-archiv
produkt,mototrbo,wpln4137-mototrbo,wpln4137
produkt,archiv,wpln4137,wpln4137-archiv
produkt,mototrbo,rln5383-mototrbo,rln5383
produkt,archiv,rln5383,rln5383-archiv
produkt,mototrbo,rln5384-mototrbo,rln5384
produkt,archiv,rln5384,rln5384-archiv
produkt,mototrbo,rln5385-mototrbo,rln5385
produkt,archiv,rln5385,rln5385-archiv
produkt,mototrbo,hln9701-mototrbo,hln9701
produkt,archiv,hln9701,hln9701-archiv
produkt,mototrbo,wpln4189-mototrbo,wpln4189
produkt,archiv,wpln4189,wpln4189-archiv
produkt,mototrbo,hln9242-mototrbo,hln9242
produkt,archiv,hln9242,hln9242-archiv
produkt,mototrbo,pmnn4259-mototrbo,pmnn4259
produkt,archiv,pmnn4259,pmnn4259-archiv
produkt,mototrbo,gln7326-mototrbo,gln7326
produkt,archiv,gln7326,gln7326-archiv
produkt,mototrbo,hln9457-mototrbo,hln9457
produkt,archiv,hln9457,hln9457-archiv
produkt,mototrbo,nad6502-mototrbo,nad6502
produkt,archiv,nad6502,nad6502-archiv
produkt,mototrbo,pmae4016-mototrbo,pmae4016
produkt,archiv,pmae4016,pmae4016-archiv
produkt,mototrbo,pmnn4468-mototrbo,pmnn4468
produkt,archiv,pmnn4468,pmnn4468-archiv
produkt,mototrbo,pmnn4258-mototrbo,pmnn4258
produkt,archiv,pmnn4258,pmnn4258-archiv
produkt,mototrbo,pmln7089-mototrbo,pmln7089
produkt,archiv,pmln7089,pmln7089-archiv
produkt,mototrbo,pmln6852-mototrbo,pmln6853
produkt,mototrbo,hkvn4405-mototrbo,hkvn4407
produkt,mototrbo,3-bodove-puzdro-mototrbo,3-bodove-puzdro
produkt,archiv,3-bodove-puzdro,3-bodove-puzdro-archiv
produkt,mototrbo,ps000042a12-mototrbo,ps000042a12
produkt,archiv,ps000042a12,ps000042a12-archiv
produkt,mototrbo,pmae4022-mototrbo,pmae4022
produkt,archiv,pmae4022,pmae4022-archiv
produkt,mototrbo,pmae4003-mototrbo,pmae4003
produkt,archiv,pmae4003,pmae4003-archiv
produkt,mototrbo,pmmn4058-mototrbo,pmmn4058
produkt,archiv,pmmn4058,pmmn4058-archiv
produkt,mototrbo,pmln5010-mototrbo,pmln5010
produkt,archiv,pmln5010,pmln5010-archiv
produkt,mototrbo,hln9714-mototrbo,hln9714
produkt,archiv,hln9714,hln9714-archiv
produkt,mototrbo,hln9844-mototrbo,hln9844
produkt,archiv,hln9844,hln9844-archiv
